position,component,row,row_offset,cut_offset,one_cycle_index,rotation_index,pad,entry,exit
2799,131526,106195,121,121,0,0,8,A0326541879,978A0326541
2798,131535,106232,121,121,0,0,8,1A032654879,9781A032654
2797,131555,106353,121,121,0,0,8,41A03265879,97841A03265
2796,131613,106818,121,121,0,0,8,541A0326879,978541A0326
2795,131841,109099,121,121,0,0,8,6541A032879,9786541A032
2794,135707,142534,121,121,0,0,8,26541A03879,97826541A03
2793,353758,377605,121,121,0,0,8,326541A0879,978326541A0
2792,131525,106202,242,242,0,0,8,0326541A879,9780326541A
2791,131534,106231,121,121,0,0,8,A1032654879,978A1032654
2790,131554,106352,121,121,0,0,8,4A103265879,9784A103265
2789,131612,106817,121,121,0,0,8,54A10326879,97854A10326
2788,131840,109098,121,121,0,0,8,654A1032879,978654A1032
2787,135706,142533,121,121,0,0,8,2654A103879,9782654A103
2786,353757,377604,121,121,0,0,8,32654A10879,97832654A10
2785,131524,106201,121,121,0,0,8,032654A1879,978032654A1
2784,131533,106238,242,242,0,0,8,1032654A879,9781032654A
2783,131553,106351,121,121,0,0,8,A4103265879,978A4103265
2782,131611,106816,121,121,0,0,8,5A410326879,9785A410326
2781,131839,109097,121,121,0,0,8,65A41032879,97865A41032
2780,135705,142532,121,121,0,0,8,265A4103879,978265A4103
2779,353756,377603,121,121,0,0,8,3265A410879,9783265A410
2778,131523,106200,121,121,0,0,8,03265A41879,97803265A41
2777,131532,106237,121,121,0,0,8,103265A4879,978103265A4
2776,131552,106358,242,242,0,0,8,4103265A879,9784103265A
2775,131610,106815,121,121,0,0,8,A5410326879,978A5410326
2774,131838,109096,121,121,0,0,8,6A541032879,9786A541032
2773,135704,142531,121,121,0,0,8,26A54103879,97826A54103
2772,353755,377602,121,121,0,0,8,326A5410879,978326A5410
2771,131522,106199,121,121,0,0,8,0326A541879,9780326A541
2770,131531,106236,121,121,0,0,8,10326A54879,97810326A54
2769,131551,106357,121,121,0,0,8,410326A5879,978410326A5
2768,131609,106822,242,242,0,0,8,5410326A879,9785410326A
2767,131837,109095,121,121,0,0,8,A6541032879,978A6541032
2766,135703,142530,121,121,0,0,8,2A654103879,9782A654103
2765,353754,377601,121,121,0,0,8,32A65410879,97832A65410
2764,131521,106198,121,121,0,0,8,032A6541879,978032A6541
2763,131530,106235,121,121,0,0,8,1032A654879,9781032A654
2762,131550,106356,121,121,0,0,8,41032A65879,97841032A65
2761,131608,106821,121,121,0,0,8,541032A6879,978541032A6
2760,131836,109102,242,242,0,0,8,6541032A879,9786541032A
2759,135702,142529,121,121,0,0,8,A2654103879,978A2654103
2758,353753,377600,121,121,0,0,8,3A265410879,9783A265410
2757,131520,106197,121,121,0,0,8,03A26541879,97803A26541
2756,131529,106234,121,121,0,0,8,103A2654879,978103A2654
2755,131549,106355,121,121,0,0,8,4103A265879,9784103A265
2754,131607,106820,121,121,0,0,8,54103A26879,97854103A26
2753,131835,109101,121,121,0,0,8,654103A2879,978654103A2
2752,135701,142536,242,242,0,0,8,2654103A879,9782654103A
2751,353760,377599,121,121,0,0,8,A3265410879,978A3265410
2750,131527,106196,121,121,0,0,8,0A326541879,9780A326541
2749,131536,106233,121,121,0,0,8,10A32654879,97810A32654
2748,131556,106354,121,121,0,0,8,410A3265879,978410A3265
2747,131614,106819,121,121,0,0,8,5410A326879,9785410A326
2746,131842,109100,121,121,0,0,8,65410A32879,97865410A32
2745,135708,142535,121,121,0,0,8,265410A3879,978265410A3
2744,353759,377606,242,242,0,0,8,3265410A879,9783265410A
2743,37931,22864,121,121,0,0,8,80154326A79,97A80154326
2742,37930,22882,968,968,0,0,8,68015432A79,97A68015432
2741,37929,22972,847,847,0,0,8,26801543A79,97A26801543
2740,37928,23374,726,726,0,0,8,32680154A79,97A32680154
2739,37927,25414,605,605,0,0,8,43268015A79,97A43268015
2738,37926,37934,484,484,0,0,8,54326801A79,97A54326801
2737,37933,290186,363,363,0,0,8,15432680A79,97A15432680
2736,37932,22873,242,242,0,0,8,01543268A79,97A01543268
2735,37939,22891,121,121,0,0,8,86015432A79,97A86015432
2734,37938,22981,968,968,0,0,8,28601543A79,97A28601543
2733,37937,23383,847,847,0,0,8,32860154A79,97A32860154
2732,37936,25423,726,726,0,0,8,43286015A79,97A43286015
2731,37935,37943,605,605,0,0,8,54328601A79,97A54328601
2730,37942,290195,484,484,0,0,8,15432860A79,97A15432860
2729,37941,22900,363,363,0,0,8,01543286A79,97A01543286
2728,37940,22909,242,242,0,0,8,60154328A79,97A60154328
2727,37965,23008,121,121,0,0,8,82601543A79,97A82601543
2726,37964,23410,968,968,0,0,8,38260154A79,97A38260154
2725,37963,25450,847,847,0,0,8,43826015A79,97A43826015
2724,37962,37970,726,726,0,0,8,54382601A79,97A54382601
2723,37969,290222,605,605,0,0,8,15438260A79,97A15438260
2722,37968,23026,484,484,0,0,8,01543826A79,97A01543826
2721,37967,23035,363,363,0,0,8,60154382A79,97A60154382
2720,37966,23062,242,242,0,0,8,26015438A79,97A26015438
2719,38060,23506,121,121,0,0,8,83260154A79,97A83260154
2718,38059,25546,968,968,0,0,8,48326015A79,97A48326015
2717,38058,38066,847,847,0,0,8,54832601A79,97A54832601
2716,38065,290318,726,726,0,0,8,15483260A79,97A15483260
2715,38064,23598,605,605,0,0,8,01548326A79,97A01548326
2714,38063,23607,484,484,0,0,8,60154832A79,97A60154832
2713,38062,23634,363,363,0,0,8,26015483A79,97A26015483
2712,38061,23730,242,242,0,0,8,32601548A79,97A32601548
2711,38457,25944,121,121,0,0,8,84326015A79,97A84326015
2710,38456,38464,968,968,0,0,8,58432601A79,97A58432601
2709,38463,290716,847,847,0,0,8,15843260A79,97A15843260
2708,38462,26564,726,726,0,0,8,01584326A79,97A01584326
2707,38461,26573,605,605,0,0,8,60158432A79,97A60158432
2706,38460,26600,484,484,0,0,8,26015843A79,97A26015843
2705,38459,26696,363,363,0,0,8,32601584A79,97A32601584
2704,38458,27094,242,242,0,0,8,43260158A79,97A43260158
2703,40502,40510,121,121,0,0,8,85432601A79,97A85432601
2702,40509,292762,968,968,0,0,8,18543260A79,97A18543260
2701,40508,44738,847,847,0,0,8,01854326A79,97A01854326
2700,40507,44747,726,726,0,0,8,60185432A79,97A60185432
2699,40506,44774,605,605,0,0,8,26018543A79,97A26018543
2698,40505,44870,484,484,0,0,8,32601854A79,97A32601854
2697,40504,45268,363,363,0,0,8,43260185A79,97A43260185
2696,40503,47314,242,242,0,0,8,54326018A79,97A54326018
2695,340472,327988,121,121,0,0,8,81543260A79,97A81543260
2694,340471,337898,968,968,0,0,8,08154326A79,97A08154326
2693,340470,337907,847,847,0,0,8,60815432A79,97A60815432
2692,340469,337934,726,726,0,0,8,26081543A79,97A26081543
2691,340468,338030,605,605,0,0,8,32608154A79,97A32608154
2690,340467,338428,484,484,0,0,8,43260815A79,97A43260815
2689,340466,340474,363,363,0,0,8,54326081A79,97A54326081
2688,340473,375700,242,242,0,0,8,15432608A79,97A15432608
2687,82962,54633,121,121,0,0,8,A6023154879,978A6023154
2686,82989,54787,121,121,0,0,8,4A602315879,9784A602315
2685,83081,55434,121,121,0,0,8,54A60231879,97854A60231
2684,83825,60983,121,121,0,0,8,154A6023879,978154A6023
2683,87707,94534,121,121,0,0,8,3154A602879,9783154A602
2682,346726,376263,121,121,0,0,8,23154A60879,97823154A60
2681,82952,54603,121,121,0,0,8,023154A6879,978023154A6
2680,82961,54640,242,242,0,0,8,6023154A879,9786023154A
2679,82988,54786,121,121,0,0,8,A4602315879,978A4602315
2678,83080,55433,121,121,0,0,8,5A460231879,9785A460231
2677,83824,60982,121,121,0,0,8,15A46023879,97815A46023
2676,87706,94533,121,121,0,0,8,315A4602879,978315A4602
2675,346725,376262,121,121,0,0,8,2315A460879,9782315A460
2674,82951,54602,121,121,0,0,8,02315A46879,97802315A46
2673,82960,54639,121,121,0,0,8,602315A4879,978602315A4
2672,82987,54793,242,242,0,0,8,4602315A879,9784602315A
2671,83079,55432,121,121,0,0,8,A5460231879,978A5460231
2670,83823,60981,121,121,0,0,8,1A546023879,9781A546023
2669,87705,94532,121,121,0,0,8,31A54602879,97831A54602
2668,346724,376261,121,121,0,0,8,231A5460879,978231A5460
2667,82950,54601,121,121,0,0,8,0231A546879,9780231A546
2666,82959,54638,121,121,0,0,8,60231A54879,97860231A54
2665,82986,54792,121,121,0,0,8,460231A5879,978460231A5
2664,83078,55439,242,242,0,0,8,5460231A879,9785460231A
2663,83822,60980,121,121,0,0,8,A1546023879,978A1546023
2662,87704,94531,121,121,0,0,8,3A154602879,9783A154602
2661,346723,376260,121,121,0,0,8,23A15460879,97823A15460
2660,82949,54600,121,121,0,0,8,023A1546879,978023A1546
2659,82958,54637,121,121,0,0,8,6023A154879,9786023A154
2658,82985,54791,121,121,0,0,8,46023A15879,97846023A15
2657,83077,55438,121,121,0,0,8,546023A1879,978546023A1
2656,83821,60987,242,242,0,0,8,1546023A879,9781546023A
2655,87703,94530,121,121,0,0,8,A3154602879,978A3154602
2654,346722,376259,121,121,0,0,8,2A315460879,9782A315460
2653,82948,54599,121,121,0,0,8,02A31546879,97802A31546
2652,82957,54636,121,121,0,0,8,602A3154879,978602A3154
2651,82984,54790,121,121,0,0,8,4602A315879,9784602A315
2650,83076,55437,121,121,0,0,8,54602A31879,97854602A31
2649,83820,60986,121,121,0,0,8,154602A3879,978154602A3
2648,87702,94537,242,242,0,0,8,3154602A879,9783154602A
2647,346729,376258,121,121,0,0,8,A2315460879,978A2315460
2646,82955,54598,121,121,0,0,8,0A231546879,9780A231546
2645,82964,54635,121,121,0,0,8,60A23154879,97860A23154
2644,82991,54789,121,121,0,0,8,460A2315879,978460A2315
2643,83083,55436,121,121,0,0,8,5460A231879,9785460A231
2642,83827,60985,121,121,0,0,8,15460A23879,97815460A23
2641,87709,94536,121,121,0,0,8,315460A2879,978315460A2
2640,346728,376265,242,242,0,0,8,2315460A879,9782315460A
2639,82954,54597,121,121,0,0,8,A0231546879,978A0231546
2638,82963,54634,121,121,0,0,8,6A023154879,9786A023154
2637,82990,54788,121,121,0,0,8,46A02315879,97846A02315
2636,83082,55435,121,121,0,0,8,546A0231879,978546A0231
2635,83826,60984,121,121,0,0,8,1546A023879,9781546A023
2634,87708,94535,121,121,0,0,8,31546A02879,97831546A02
2633,346727,376264,121,121,0,0,8,231546A0879,978231546A0
2632,82953,54604,242,242,0,0,8,0231546A879,9780231546A
2631,83992,61150,121,121,0,0,8,A6415023879,978A6415023
2630,87874,94701,121,121,0,0,8,3A641502879,9783A641502
2629,346893,376430,121,121,0,0,8,23A64150879,97823A64150
2628,83629,58000,121,121,0,0,8,023A6415879,978023A6415
2627,83638,58037,121,121,0,0,8,5023A641879,9785023A641
2626,83669,58213,121,121,0,0,8,15023A64879,97815023A64
2625,83763,58876,121,121,0,0,8,415023A6879,978415023A6
2624,83991,61157,242,242,0,0,8,6415023A879,9786415023A
2623,87873,94700,121,121,0,0,8,A3641502879,978A3641502
2622,346892,376429,121,121,0,0,8,2A364150879,9782A364150
2621,83628,57999,121,121,0,0,8,02A36415879,97802A36415
2620,83637,58036,121,121,0,0,8,502A3641879,978502A3641
2619,83668,58212,121,121,0,0,8,1502A364879,9781502A364
2618,83762,58875,121,121,0,0,8,41502A36879,97841502A36
2617,83990,61156,121,121,0,0,8,641502A3879,978641502A3
2616,87872,94707,242,242,0,0,8,3641502A879,9783641502A
2615,346899,376428,121,121,0,0,8,A2364150879,978A2364150
2614,83635,57998,121,121,0,0,8,0A236415879,9780A236415
2613,83644,58035,121,121,0,0,8,50A23641879,97850A23641
2612,83675,58211,121,121,0,0,8,150A2364879,978150A2364
2611,83769,58874,121,121,0,0,8,4150A236879,9784150A236
2610,83997,61155,121,121,0,0,8,64150A23879,97864150A23
2609,87879,94706,121,121,0,0,8,364150A2879,978364150A2
2608,346898,376435,242,242,0,0,8,2364150A879,9782364150A
2607,83634,57997,121,121,0,0,8,A0236415879,978A0236415
2606,83643,58034,121,121,0,0,8,5A023641879,9785A023641
2605,83674,58210,121,121,0,0,8,15A02364879,97815A02364
2604,83768,58873,121,121,0,0,8,415A0236879,978415A0236
2603,83996,61154,121,121,0,0,8,6415A023879,9786415A023
2602,87878,94705,121,121,0,0,8,36415A02879,97836415A02
2601,346897,376434,121,121,0,0,8,236415A0879,978236415A0
2600,83633,58004,242,242,0,0,8,0236415A879,9780236415A
2599,83642,58033,121,121,0,0,8,A5023641879,978A5023641
2598,83673,58209,121,121,0,0,8,1A502364879,9781A502364
2597,83767,58872,121,121,0,0,8,41A50236879,97841A50236
2596,83995,61153,121,121,0,0,8,641A5023879,978641A5023
2595,87877,94704,121,121,0,0,8,3641A502879,9783641A502
2594,346896,376433,121,121,0,0,8,23641A50879,97823641A50
2593,83632,58003,121,121,0,0,8,023641A5879,978023641A5
2592,83641,58040,242,242,0,0,8,5023641A879,9785023641A
2591,83672,58208,121,121,0,0,8,A1502364879,978A1502364
2590,83766,58871,121,121,0,0,8,4A150236879,9784A150236
2589,83994,61152,121,121,0,0,8,64A15023879,97864A15023
2588,87876,94703,121,121,0,0,8,364A1502879,978364A1502
2587,346895,376432,121,121,0,0,8,2364A150879,9782364A150
2586,83631,58002,121,121,0,0,8,02364A15879,97802364A15
2585,83640,58039,121,121,0,0,8,502364A1879,978502364A1
2584,83671,58215,242,242,0,0,8,1502364A879,9781502364A
2583,83765,58870,121,121,0,0,8,A4150236879,978A4150236
2582,83993,61151,121,121,0,0,8,6A415023879,9786A415023
2581,87875,94702,121,121,0,0,8,36A41502879,97836A41502
2580,346894,376431,121,121,0,0,8,236A4150879,978236A4150
2579,83630,58001,121,121,0,0,8,0236A415879,9780236A415
2578,83639,58038,121,121,0,0,8,50236A41879,97850236A41
2577,83670,58214,121,121,0,0,8,150236A4879,978150236A4
2576,83764,58877,242,242,0,0,8,4150236A879,9784150236A
2575,178030,146671,121,121,0,0,8,A3620415879,978A3620415
2574,178428,150036,121,121,0,0,8,5A362041879,9785A362041
2573,183198,190025,121,121,0,0,8,15A36204879,97815A36204
2572,360281,378438,121,121,0,0,8,415A3620879,978415A3620
2571,177900,145819,121,121,0,0,8,0415A362879,9780415A362
2570,177909,145856,121,121,0,0,8,20415A36879,97820415A36
2569,177929,145977,121,121,0,0,8,620415A3879,978620415A3
2568,178029,146678,242,242,0,0,8,3620415A879,9783620415A
2567,178427,150035,121,121,0,0,8,A5362041879,978A5362041
2566,183197,190024,121,121,0,0,8,1A536204879,9781A536204
2565,360280,378437,121,121,0,0,8,41A53620879,97841A53620
2564,177899,145818,121,121,0,0,8,041A5362879,978041A5362
2563,177908,145855,121,121,0,0,8,2041A536879,9782041A536
2562,177928,145976,121,121,0,0,8,62041A53879,97862041A53
2561,178028,146677,121,121,0,0,8,362041A5879,978362041A5
2560,178426,150042,242,242,0,0,8,5362041A879,9785362041A
2559,183196,190023,121,121,0,0,8,A1536204879,978A1536204
2558,360279,378436,121,121,0,0,8,4A153620879,9784A153620
2557,177898,145817,121,121,0,0,8,04A15362879,97804A15362
2556,177907,145854,121,121,0,0,8,204A1536879,978204A1536
2555,177927,145975,121,121,0,0,8,6204A153879,9786204A153
2554,178027,146676,121,121,0,0,8,36204A15879,97836204A15
2553,178425,150041,121,121,0,0,8,536204A1879,978536204A1
2552,183195,190030,242,242,0,0,8,1536204A879,9781536204A
2551,360286,378435,121,121,0,0,8,A4153620879,978A4153620
2550,177905,145816,121,121,0,0,8,0A415362879,9780A415362
2549,177914,145853,121,121,0,0,8,20A41536879,97820A41536
2548,177934,145974,121,121,0,0,8,620A4153879,978620A4153
2547,178034,146675,121,121,0,0,8,3620A415879,9783620A415
2546,178432,150040,121,121,0,0,8,53620A41879,97853620A41
2545,183202,190029,121,121,0,0,8,153620A4879,978153620A4
2544,360285,378442,242,242,0,0,8,4153620A879,9784153620A
2543,177904,145815,121,121,0,0,8,A0415362879,978A0415362
2542,177913,145852,121,121,0,0,8,2A041536879,9782A041536
2541,177933,145973,121,121,0,0,8,62A04153879,97862A04153
2540,178033,146674,121,121,0,0,8,362A0415879,978362A0415
2539,178431,150039,121,121,0,0,8,5362A041879,9785362A041
2538,183201,190028,121,121,0,0,8,15362A04879,97815362A04
2537,360284,378441,121,121,0,0,8,415362A0879,978415362A0
2536,177903,145822,242,242,0,0,8,0415362A879,9780415362A
2535,177912,145851,121,121,0,0,8,A2041536879,978A2041536
2534,177932,145972,121,121,0,0,8,6A204153879,9786A204153
2533,178032,146673,121,121,0,0,8,36A20415879,97836A20415
2532,178430,150038,121,121,0,0,8,536A2041879,978536A2041
2531,183200,190027,121,121,0,0,8,1536A204879,9781536A204
2530,360283,378440,121,121,0,0,8,41536A20879,97841536A20
2529,177902,145821,121,121,0,0,8,041536A2879,978041536A2
2528,177911,145858,242,242,0,0,8,2041536A879,9782041536A
2527,177931,145971,121,121,0,0,8,A6204153879,978A6204153
2526,178031,146672,121,121,0,0,8,3A620415879,9783A620415
2525,178429,150037,121,121,0,0,8,53A62041879,97853A62041
2524,183199,190026,121,121,0,0,8,153A6204879,978153A6204
2523,360282,378439,121,121,0,0,8,4153A620879,9784153A620
2522,177901,145820,121,121,0,0,8,04153A62879,97804153A62
2521,177910,145857,121,121,0,0,8,204153A6879,978204153A6
2520,177930,145978,242,242,0,0,8,6204153A879,9786204153A
2519,354120,377959,121,121,0,0,8,A3541620879,978A3541620
2518,133461,118260,121,121,0,0,8,0A354162879,9780A354162
2517,133470,118297,121,121,0,0,8,20A35416879,97820A35416
2516,133490,118418,121,121,0,0,8,620A3541879,978620A3541
2515,133624,119301,121,121,0,0,8,1620A354879,9781620A354
2514,134034,122742,121,121,0,0,8,41620A35879,97841620A35
2513,136068,142895,121,121,0,0,8,541620A3879,978541620A3
2512,354119,377966,242,242,0,0,8,3541620A879,9783541620A
2511,133460,118259,121,121,0,0,8,A0354162879,978A0354162
2510,133469,118296,121,121,0,0,8,2A035416879,9782A035416
2509,133489,118417,121,121,0,0,8,62A03541879,97862A03541
2508,133623,119300,121,121,0,0,8,162A0354879,978162A0354
2507,134033,122741,121,121,0,0,8,4162A035879,9784162A035
2506,136067,142894,121,121,0,0,8,54162A03879,97854162A03
2505,354118,377965,121,121,0,0,8,354162A0879,978354162A0
2504,133459,118266,242,242,0,0,8,0354162A879,9780354162A
2503,133468,118295,121,121,0,0,8,A2035416879,978A2035416
2502,133488,118416,121,121,0,0,8,6A203541879,9786A203541
2501,133622,119299,121,121,0,0,8,16A20354879,97816A20354
2500,134032,122740,121,121,0,0,8,416A2035879,978416A2035
2499,136066,142893,121,121,0,0,8,5416A203879,9785416A203
2498,354117,377964,121,121,0,0,8,35416A20879,97835416A20
2497,133458,118265,121,121,0,0,8,035416A2879,978035416A2
2496,133467,118302,242,242,0,0,8,2035416A879,9782035416A
2495,133487,118415,121,121,0,0,8,A6203541879,978A6203541
2494,133621,119298,121,121,0,0,8,1A620354879,9781A620354
2493,134031,122739,121,121,0,0,8,41A62035879,97841A62035
2492,136065,142892,121,121,0,0,8,541A6203879,978541A6203
2491,354116,377963,121,121,0,0,8,3541A620879,9783541A620
2490,133457,118264,121,121,0,0,8,03541A62879,97803541A62
2489,133466,118301,121,121,0,0,8,203541A6879,978203541A6
2488,133486,118422,242,242,0,0,8,6203541A879,9786203541A
2487,133620,119297,121,121,0,0,8,A1620354879,978A1620354
2486,134030,122738,121,121,0,0,8,4A162035879,9784A162035
2485,136064,142891,121,121,0,0,8,54A16203879,97854A16203
2484,354115,377962,121,121,0,0,8,354A1620879,978354A1620
2483,133456,118263,121,121,0,0,8,0354A162879,9780354A162
2482,133465,118300,121,121,0,0,8,20354A16879,97820354A16
2481,133485,118421,121,121,0,0,8,620354A1879,978620354A1
2480,133619,119304,242,242,0,0,8,1620354A879,9781620354A
2479,134029,122737,121,121,0,0,8,A4162035879,978A4162035
2478,136063,142890,121,121,0,0,8,5A416203879,9785A416203
2477,354114,377961,121,121,0,0,8,35A41620879,97835A41620
2476,133455,118262,121,121,0,0,8,035A4162879,978035A4162
2475,133464,118299,121,121,0,0,8,2035A416879,9782035A416
2474,133484,118420,121,121,0,0,8,62035A41879,97862035A41
2473,133618,119303,121,121,0,0,8,162035A4879,978162035A4
2472,134028,122744,242,242,0,0,8,4162035A879,9784162035A
2471,136062,142889,121,121,0,0,8,A5416203879,978A5416203
2470,354113,377960,121,121,0,0,8,3A541620879,9783A541620
2469,133454,118261,121,121,0,0,8,03A54162879,97803A54162
2468,133463,118298,121,121,0,0,8,203A5416879,978203A5416
2467,133483,118419,121,121,0,0,8,6203A541879,9786203A541
2466,133617,119302,121,121,0,0,8,16203A54879,97816203A54
2465,134027,122743,121,121,0,0,8,416203A5879,978416203A5
2464,136061,142896,242,242,0,0,8,5416203A879,9785416203A
2463,38705,27761,121,121,0,0,8,83016254A79,97A83016254
2462,38704,27819,968,968,0,0,8,48301625A79,97A48301625
2461,38703,28059,847,847,0,0,8,54830162A79,97A54830162
2460,38702,31899,726,726,0,0,8,25483016A79,97A25483016
2459,38701,38709,605,605,0,0,8,62548301A79,97A62548301
2458,38708,290961,484,484,0,0,8,16254830A79,97A16254830
2457,38707,27770,363,363,0,0,8,01625483A79,97A01625483
2456,38706,27779,242,242,0,0,8,30162548A79,97A30162548
2455,38724,27839,121,121,0,0,8,84301625A79,97A84301625
2454,38723,28079,968,968,0,0,8,58430162A79,97A58430162
2453,38722,31919,847,847,0,0,8,25843016A79,97A25843016
2452,38721,38729,726,726,0,0,8,62584301A79,97A62584301
2451,38728,290981,605,605,0,0,8,16258430A79,97A16258430
2450,38727,27870,484,484,0,0,8,01625843A79,97A01625843
2449,38726,27879,363,363,0,0,8,30162584A79,97A30162584
2448,38725,27899,242,242,0,0,8,43016258A79,97A43016258
2447,38783,28139,121,121,0,0,8,85430162A79,97A85430162
2446,38782,31979,968,968,0,0,8,28543016A79,97A28543016
2445,38781,38789,847,847,0,0,8,62854301A79,97A62854301
2444,38788,291041,726,726,0,0,8,16285430A79,97A16285430
2443,38787,28290,605,605,0,0,8,01628543A79,97A01628543
2442,38786,28299,484,484,0,0,8,30162854A79,97A30162854
2441,38785,28319,363,363,0,0,8,43016285A79,97A43016285
2440,38784,28379,242,242,0,0,8,54301628A79,97A54301628
2439,39514,32711,121,121,0,0,8,82543016A79,97A82543016
2438,39513,39521,968,968,0,0,8,68254301A79,97A68254301
2437,39520,291773,847,847,0,0,8,16825430A79,97A16825430
2436,39519,33030,726,726,0,0,8,01682543A79,97A01682543
2435,39518,33039,605,605,0,0,8,30168254A79,97A30168254
2434,39517,33059,484,484,0,0,8,43016825A79,97A43016825
2433,39516,33119,363,363,0,0,8,54301682A79,97A54301682
2432,39515,33851,242,242,0,0,8,25430168A79,97A25430168
2431,40647,40655,121,121,0,0,8,86254301A79,97A86254301
2430,40654,292907,968,968,0,0,8,18625430A79,97A18625430
2429,40653,45504,847,847,0,0,8,01862543A79,97A01862543
2428,40652,45513,726,726,0,0,8,30186254A79,97A30186254
2427,40651,45533,605,605,0,0,8,43018625A79,97A43018625
2426,40650,45593,484,484,0,0,8,54301862A79,97A54301862
2425,40649,46325,363,363,0,0,8,25430186A79,97A25430186
2424,40648,47459,242,242,0,0,8,62543018A79,97A62543018
2423,340617,328133,121,121,0,0,8,81625430A79,97A81625430
2422,340616,338664,968,968,0,0,8,08162543A79,97A08162543
2421,340615,338673,847,847,0,0,8,30816254A79,97A30816254
2420,340614,338693,726,726,0,0,8,43081625A79,97A43081625
2419,340613,338753,605,605,0,0,8,54308162A79,97A54308162
2418,340612,339485,484,484,0,0,8,25430816A79,97A25430816
2417,340611,340619,363,363,0,0,8,62543081A79,97A62543081
2416,340618,375845,242,242,0,0,8,16254308A79,97A16254308
2415,38697,27734,121,121,0,0,8,80162543A79,97A80162543
2414,38696,27752,968,968,0,0,8,38016254A79,97A38016254
2413,38695,27810,847,847,0,0,8,43801625A79,97A43801625
2412,38694,28050,726,726,0,0,8,54380162A79,97A54380162
2411,38693,31890,605,605,0,0,8,25438016A79,97A25438016
2410,38692,38700,484,484,0,0,8,62543801A79,97A62543801
2409,38699,290952,363,363,0,0,8,16254380A79,97A16254380
2408,38698,27743,242,242,0,0,8,01625438A79,97A01625438
2407,39541,32738,121,121,0,0,8,83425016A79,97A83425016
2406,39540,39548,968,968,0,0,8,68342501A79,97A68342501
2405,39547,291800,847,847,0,0,8,16834250A79,97A16834250
2404,39546,33182,726,726,0,0,8,01683425A79,97A01683425
2403,39545,33191,605,605,0,0,8,50168342A79,97A50168342
2402,39544,33218,484,484,0,0,8,25016834A79,97A25016834
2401,39543,33314,363,363,0,0,8,42501683A79,97A42501683
2400,39542,33878,242,242,0,0,8,34250168A79,97A34250168
2399,40674,40682,121,121,0,0,8,86342501A79,97A86342501
2398,40681,292934,968,968,0,0,8,18634250A79,97A18634250
2397,40680,45656,847,847,0,0,8,01863425A79,97A01863425
2396,40679,45665,726,726,0,0,8,50186342A79,97A50186342
2395,40678,45692,605,605,0,0,8,25018634A79,97A25018634
2394,40677,45788,484,484,0,0,8,42501863A79,97A42501863
2393,40676,46352,363,363,0,0,8,34250186A79,97A34250186
2392,40675,47486,242,242,0,0,8,63425018A79,97A63425018
2391,340644,328160,121,121,0,0,8,81634250A79,97A81634250
2390,340643,338816,968,968,0,0,8,08163425A79,97A08163425
2389,340642,338825,847,847,0,0,8,50816342A79,97A50816342
2388,340641,338852,726,726,0,0,8,25081634A79,97A25081634
2387,340640,338948,605,605,0,0,8,42508163A79,97A42508163
2386,340639,339512,484,484,0,0,8,34250816A79,97A34250816
2385,340638,340646,363,363,0,0,8,63425081A79,97A63425081
2384,340645,375872,242,242,0,0,8,16342508A79,97A16342508
2383,38849,28604,121,121,0,0,8,80163425A79,97A80163425
2382,38848,28622,968,968,0,0,8,58016342A79,97A58016342
2381,38847,28712,847,847,0,0,8,25801634A79,97A25801634
2380,38846,29114,726,726,0,0,8,42580163A79,97A42580163
2379,38845,32042,605,605,0,0,8,34258016A79,97A34258016
2378,38844,38852,484,484,0,0,8,63425801A79,97A63425801
2377,38851,291104,363,363,0,0,8,16342580A79,97A16342580
2376,38850,28613,242,242,0,0,8,01634258A79,97A01634258
2375,38857,28631,121,121,0,0,8,85016342A79,97A85016342
2374,38856,28721,968,968,0,0,8,28501634A79,97A28501634
2373,38855,29123,847,847,0,0,8,42850163A79,97A42850163
2372,38854,32051,726,726,0,0,8,34285016A79,97A34285016
2371,38853,38861,605,605,0,0,8,63428501A79,97A63428501
2370,38860,291113,484,484,0,0,8,16342850A79,97A16342850
2369,38859,28640,363,363,0,0,8,01634285A79,97A01634285
2368,38858,28649,242,242,0,0,8,50163428A79,97A50163428
2367,38883,28748,121,121,0,0,8,82501634A79,97A82501634
2366,38882,29150,968,968,0,0,8,48250163A79,97A48250163
2365,38881,32078,847,847,0,0,8,34825016A79,97A34825016
2364,38880,38888,726,726,0,0,8,63482501A79,97A63482501
2363,38887,291140,605,605,0,0,8,16348250A79,97A16348250
2362,38886,28766,484,484,0,0,8,01634825A79,97A01634825
2361,38885,28775,363,363,0,0,8,50163482A79,97A50163482
2360,38884,28802,242,242,0,0,8,25016348A79,97A25016348
2359,38978,29246,121,121,0,0,8,84250163A79,97A84250163
2358,38977,32174,968,968,0,0,8,38425016A79,97A38425016
2357,38976,38984,847,847,0,0,8,63842501A79,97A63842501
2356,38983,291236,726,726,0,0,8,16384250A79,97A16384250
2355,38982,29338,605,605,0,0,8,01638425A79,97A01638425
2354,38981,29347,484,484,0,0,8,50163842A79,97A50163842
2353,38980,29374,363,363,0,0,8,25016384A79,97A25016384
2352,38979,29470,242,242,0,0,8,42501638A79,97A42501638
2351,179191,153327,121,121,0,0,8,86310425A79,97A86310425
2350,179190,155367,968,968,0,0,8,58631042A79,97A58631042
2349,179189,179197,847,847,0,0,8,25863104A79,97A25863104
2348,179196,308569,726,726,0,0,8,42586310A79,97A42586310
2347,179195,153474,605,605,0,0,8,04258631A79,97A04258631
2346,179194,153483,484,484,0,0,8,10425863A79,97A10425863
2345,179193,153501,363,363,0,0,8,31042586A79,97A31042586
2344,179192,153559,242,242,0,0,8,63104258A79,97A63104258
2343,179586,155763,121,121,0,0,8,85631042A79,97A85631042
2342,179585,179593,968,968,0,0,8,28563104A79,97A28563104
2341,179592,308965,847,847,0,0,8,42856310A79,97A42856310
2340,179591,156422,726,726,0,0,8,04285631A79,97A04285631
2339,179590,156431,605,605,0,0,8,10428563A79,97A10428563
2338,179589,156449,484,484,0,0,8,31042856A79,97A31042856
2337,179588,156507,363,363,0,0,8,63104285A79,97A63104285
2336,179587,156903,242,242,0,0,8,56310428A79,97A56310428
2335,183443,183451,121,121,0,0,8,82563104A79,97A82563104
2334,183450,312823,968,968,0,0,8,48256310A79,97A48256310
2333,183449,185940,847,847,0,0,8,04825631A79,97A04825631
2332,183448,185949,726,726,0,0,8,10482563A79,97A10482563
2331,183447,185967,605,605,0,0,8,31048256A79,97A31048256
2330,183446,186025,484,484,0,0,8,63104825A79,97A63104825
2329,183445,186421,363,363,0,0,8,56310482A79,97A56310482
2328,183444,190279,242,242,0,0,8,25631048A79,97A25631048
2327,360533,330979,121,121,0,0,8,84256310A79,97A84256310
2326,360532,356196,968,968,0,0,8,08425631A79,97A08425631
2325,360531,356205,847,847,0,0,8,10842563A79,97A10842563
2324,360530,356223,726,726,0,0,8,31084256A79,97A31084256
2323,360529,356281,605,605,0,0,8,63108425A79,97A63108425
2322,360528,356677,484,484,0,0,8,56310842A79,97A56310842
2321,360527,360535,363,363,0,0,8,25631084A79,97A25631084
2320,360534,378691,242,242,0,0,8,42563108A79,97A42563108
2319,179109,152942,121,121,0,0,8,80425631A79,97A80425631
2318,179108,152960,968,968,0,0,8,18042563A79,97A18042563
2317,179107,153014,847,847,0,0,8,31804256A79,97A31804256
2316,179106,153242,726,726,0,0,8,63180425A79,97A63180425
2315,179105,155282,605,605,0,0,8,56318042A79,97A56318042
2314,179104,179112,484,484,0,0,8,25631804A79,97A25631804
2313,179111,308484,363,363,0,0,8,42563180A79,97A42563180
2312,179110,152951,242,242,0,0,8,04256318A79,97A04256318
2311,179117,152969,121,121,0,0,8,81042563A79,97A81042563
2310,179116,153023,968,968,0,0,8,38104256A79,97A38104256
2309,179115,153251,847,847,0,0,8,63810425A79,97A63810425
2308,179114,155291,726,726,0,0,8,56381042A79,97A56381042
2307,179113,179121,605,605,0,0,8,25638104A79,97A25638104
2306,179120,308493,484,484,0,0,8,42563810A79,97A42563810
2305,179119,152978,363,363,0,0,8,04256381A79,97A04256381
2304,179118,152987,242,242,0,0,8,10425638A79,97A10425638
2303,179134,153041,121,121,0,0,8,83104256A79,97A83104256
2302,179133,153269,968,968,0,0,8,68310425A79,97A68310425
2301,179132,155309,847,847,0,0,8,56831042A79,97A56831042
2300,179131,179139,726,726,0,0,8,25683104A79,97A25683104
2299,179138,308511,605,605,0,0,8,42568310A79,97A42568310
2298,179137,153068,484,484,0,0,8,04256831A79,97A04256831
2297,179136,153077,363,363,0,0,8,10425683A79,97A10425683
2296,179135,153095,242,242,0,0,8,31042568A79,97A31042568
2295,374860,381669,121,121,0,0,8,A6542310879,978A6542310
2294,277967,269568,121,121,0,0,8,0A654231879,9780A654231
2293,277976,269605,121,121,0,0,8,10A65423879,97810A65423
2292,277994,269714,121,121,0,0,8,310A6542879,978310A6542
2291,278086,270361,121,121,0,0,8,2310A654879,9782310A654
2290,278314,272642,121,121,0,0,8,42310A65879,97842310A65
2289,279448,286251,121,121,0,0,8,542310A6879,978542310A6
2288,374859,381676,242,242,0,0,8,6542310A879,9786542310A
2287,277966,269567,121,121,0,0,8,A0654231879,978A0654231
2286,277975,269604,121,121,0,0,8,1A065423879,9781A065423
2285,277993,269713,121,121,0,0,8,31A06542879,97831A06542
2284,278085,270360,121,121,0,0,8,231A0654879,978231A0654
2283,278313,272641,121,121,0,0,8,4231A065879,9784231A065
2282,279447,286250,121,121,0,0,8,54231A06879,97854231A06
2281,374858,381675,121,121,0,0,8,654231A0879,978654231A0
2280,277965,269574,242,242,0,0,8,0654231A879,9780654231A
2279,277974,269603,121,121,0,0,8,A1065423879,978A1065423
2278,277992,269712,121,121,0,0,8,3A106542879,9783A106542
2277,278084,270359,121,121,0,0,8,23A10654879,97823A10654
2276,278312,272640,121,121,0,0,8,423A1065879,978423A1065
2275,279446,286249,121,121,0,0,8,5423A106879,9785423A106
2274,374857,381674,121,121,0,0,8,65423A10879,97865423A10
2273,277964,269573,121,121,0,0,8,065423A1879,978065423A1
2272,277973,269610,242,242,0,0,8,1065423A879,9781065423A
2271,277991,269711,121,121,0,0,8,A3106542879,978A3106542
2270,278083,270358,121,121,0,0,8,2A310654879,9782A310654
2269,278311,272639,121,121,0,0,8,42A31065879,97842A31065
2268,279445,286248,121,121,0,0,8,542A3106879,978542A3106
2267,374856,381673,121,121,0,0,8,6542A310879,9786542A310
2266,277963,269572,121,121,0,0,8,06542A31879,97806542A31
2265,277972,269609,121,121,0,0,8,106542A3879,978106542A3
2264,277990,269718,242,242,0,0,8,3106542A879,9783106542A
2263,278082,270357,121,121,0,0,8,A2310654879,978A2310654
2262,278310,272638,121,121,0,0,8,4A231065879,9784A231065
2261,279444,286247,121,121,0,0,8,54A23106879,97854A23106
2260,374855,381672,121,121,0,0,8,654A2310879,978654A2310
2259,277962,269571,121,121,0,0,8,0654A231879,9780654A231
2258,277971,269608,121,121,0,0,8,10654A23879,97810654A23
2257,277989,269717,121,121,0,0,8,310654A2879,978310654A2
2256,278081,270364,242,242,0,0,8,2310654A879,9782310654A
2255,278309,272637,121,121,0,0,8,A4231065879,978A4231065
2254,279443,286246,121,121,0,0,8,5A423106879,9785A423106
2253,374854,381671,121,121,0,0,8,65A42310879,97865A42310
2252,277961,269570,121,121,0,0,8,065A4231879,978065A4231
2251,277970,269607,121,121,0,0,8,1065A423879,9781065A423
2250,277988,269716,121,121,0,0,8,31065A42879,97831065A42
2249,278080,270363,121,121,0,0,8,231065A4879,978231065A4
2248,278308,272644,242,242,0,0,8,4231065A879,9784231065A
2247,279442,286245,121,121,0,0,8,A5423106879,978A5423106
2246,374853,381670,121,121,0,0,8,6A542310879,9786A542310
2245,277960,269569,121,121,0,0,8,06A54231879,97806A54231
2244,277969,269606,121,121,0,0,8,106A5423879,978106A5423
2243,277987,269715,121,121,0,0,8,3106A542879,9783106A542
2242,278079,270362,121,121,0,0,8,23106A54879,97823106A54
2241,278307,272643,121,121,0,0,8,423106A5879,978423106A5
2240,279441,286252,242,242,0,0,8,5423106A879,9785423106A
2239,273036,240319,121,121,0,0,8,A0613542879,978A0613542
2238,273045,240356,121,121,0,0,8,2A061354879,9782A061354
2237,273065,240477,121,121,0,0,8,42A06135879,97842A06135
2236,273125,240958,121,121,0,0,8,542A0613879,978542A0613
2235,273697,245425,121,121,0,0,8,3542A061879,9783542A061
2234,278447,285250,121,121,0,0,8,13542A06879,97813542A06
2233,373858,380675,121,121,0,0,8,613542A0879,978613542A0
2232,273035,240326,242,242,0,0,8,0613542A879,9780613542A
2231,273044,240355,121,121,0,0,8,A2061354879,978A2061354
2230,273064,240476,121,121,0,0,8,4A206135879,9784A206135
2229,273124,240957,121,121,0,0,8,54A20613879,97854A20613
2228,273696,245424,121,121,0,0,8,354A2061879,978354A2061
2227,278446,285249,121,121,0,0,8,1354A206879,9781354A206
2226,373857,380674,121,121,0,0,8,61354A20879,97861354A20
2225,273034,240325,121,121,0,0,8,061354A2879,978061354A2
2224,273043,240362,242,242,0,0,8,2061354A879,9782061354A
2223,273063,240475,121,121,0,0,8,A4206135879,978A4206135
2222,273123,240956,121,121,0,0,8,5A420613879,9785A420613
2221,273695,245423,121,121,0,0,8,35A42061879,97835A42061
2220,278445,285248,121,121,0,0,8,135A4206879,978135A4206
2219,373856,380673,121,121,0,0,8,6135A420879,9786135A420
2218,273033,240324,121,121,0,0,8,06135A42879,97806135A42
2217,273042,240361,121,121,0,0,8,206135A4879,978206135A4
2216,273062,240482,242,242,0,0,8,4206135A879,9784206135A
2215,273122,240955,121,121,0,0,8,A5420613879,978A5420613
2214,273694,245422,121,121,0,0,8,3A542061879,9783A542061
2213,278444,285247,121,121,0,0,8,13A54206879,97813A54206
2212,373855,380672,121,121,0,0,8,613A5420879,978613A5420
2211,273032,240323,121,121,0,0,8,0613A542879,9780613A542
2210,273041,240360,121,121,0,0,8,20613A54879,97820613A54
2209,273061,240481,121,121,0,0,8,420613A5879,978420613A5
2208,273121,240962,242,242,0,0,8,5420613A879,9785420613A
2207,273693,245421,121,121,0,0,8,A3542061879,978A3542061
2206,278443,285246,121,121,0,0,8,1A354206879,9781A354206
2205,373854,380671,121,121,0,0,8,61A35420879,97861A35420
2204,273031,240322,121,121,0,0,8,061A3542879,978061A3542
2203,273040,240359,121,121,0,0,8,2061A354879,9782061A354
2202,273060,240480,121,121,0,0,8,42061A35879,97842061A35
2201,273120,240961,121,121,0,0,8,542061A3879,978542061A3
2200,273692,245428,242,242,0,0,8,3542061A879,9783542061A
2199,278442,285245,121,121,0,0,8,A1354206879,978A1354206
2198,373853,380670,121,121,0,0,8,6A135420879,9786A135420
2197,273030,240321,121,121,0,0,8,06A13542879,97806A13542
2196,273039,240358,121,121,0,0,8,206A1354879,978206A1354
2195,273059,240479,121,121,0,0,8,4206A135879,9784206A135
2194,273119,240960,121,121,0,0,8,54206A13879,97854206A13
2193,273691,245427,121,121,0,0,8,354206A1879,978354206A1
2192,278441,285252,242,242,0,0,8,1354206A879,9781354206A
2191,373860,380669,121,121,0,0,8,A6135420879,978A6135420
2190,273037,240320,121,121,0,0,8,0A613542879,9780A613542
2189,273046,240357,121,121,0,0,8,20A61354879,97820A61354
2188,273066,240478,121,121,0,0,8,420A6135879,978420A6135
2187,273126,240959,121,121,0,0,8,5420A613879,9785420A613
2186,273698,245426,121,121,0,0,8,35420A61879,97835420A61
2185,278448,285251,121,121,0,0,8,135420A6879,978135420A6
2184,373859,380676,242,242,0,0,8,6135420A879,9786135420A
2183,85745,70788,121,121,0,0,8,80254613A79,97A80254613
2182,85744,70806,968,968,0,0,8,38025461A79,97A38025461
2181,85743,70908,847,847,0,0,8,13802546A79,97A13802546
2180,85742,71136,726,726,0,0,8,61380254A79,97A61380254
2179,85741,73168,605,605,0,0,8,46138025A79,97A46138025
2178,85740,85748,484,484,0,0,8,54613802A79,97A54613802
2177,85747,297056,363,363,0,0,8,25461380A79,97A25461380
2176,85746,70797,242,242,0,0,8,02546138A79,97A02546138
2175,85753,70815,121,121,0,0,8,83025461A79,97A83025461
2174,85752,70917,968,968,0,0,8,18302546A79,97A18302546
2173,85751,71145,847,847,0,0,8,61830254A79,97A61830254
2172,85750,73177,726,726,0,0,8,46183025A79,97A46183025
2171,85749,85757,605,605,0,0,8,54618302A79,97A54618302
2170,85756,297065,484,484,0,0,8,25461830A79,97A25461830
2169,85755,70824,363,363,0,0,8,02546183A79,97A02546183
2168,85754,70833,242,242,0,0,8,30254618A79,97A30254618
2167,85783,70948,121,121,0,0,8,81302546A79,97A81302546
2166,85782,71176,968,968,0,0,8,68130254A79,97A68130254
2165,85781,73208,847,847,0,0,8,46813025A79,97A46813025
2164,85780,85788,726,726,0,0,8,54681302A79,97A54681302
2163,85787,297096,605,605,0,0,8,25468130A79,97A25468130
2162,85786,70968,484,484,0,0,8,02546813A79,97A02546813
2161,85785,70977,363,363,0,0,8,30254681A79,97A30254681
2160,85784,71008,242,242,0,0,8,13025468A79,97A13025468
2159,85838,71232,121,121,0,0,8,86130254A79,97A86130254
2158,85837,73264,968,968,0,0,8,48613025A79,97A48613025
2157,85836,85844,847,847,0,0,8,54861302A79,97A54861302
2156,85843,297152,726,726,0,0,8,25486130A79,97A25486130
2155,85842,71360,605,605,0,0,8,02548613A79,97A02548613
2154,85841,71369,484,484,0,0,8,30254861A79,97A30254861
2153,85840,71400,363,363,0,0,8,13025486A79,97A13025486
2152,85839,71456,242,242,0,0,8,61302548A79,97A61302548
2151,86233,73660,121,121,0,0,8,84613025A79,97A84613025
2150,86232,86240,968,968,0,0,8,58461302A79,97A58461302
2149,86239,297548,847,847,0,0,8,25846130A79,97A25846130
2148,86238,74308,726,726,0,0,8,02584613A79,97A02584613
2147,86237,74317,605,605,0,0,8,30258461A79,97A30258461
2146,86236,74348,484,484,0,0,8,13025846A79,97A13025846
2145,86235,74404,363,363,0,0,8,61302584A79,97A61302584
2144,86234,74800,242,242,0,0,8,46130258A79,97A46130258
2143,88290,88298,121,121,0,0,8,85461302A79,97A85461302
2142,88297,299606,968,968,0,0,8,28546130A79,97A28546130
2141,88296,92576,847,847,0,0,8,02854613A79,97A02854613
2140,88295,92585,726,726,0,0,8,30285461A79,97A30285461
2139,88294,92616,605,605,0,0,8,13028546A79,97A13028546
2138,88293,92672,484,484,0,0,8,61302854A79,97A61302854
2137,88292,93068,363,363,0,0,8,46130285A79,97A46130285
2136,88291,95126,242,242,0,0,8,54613028A79,97A54613028
2135,347316,329142,121,121,0,0,8,82546130A79,97A82546130
2134,347315,344768,968,968,0,0,8,08254613A79,97A08254613
2133,347314,344777,847,847,0,0,8,30825461A79,97A30825461
2132,347313,344808,726,726,0,0,8,13082546A79,97A13082546
2131,347312,344864,605,605,0,0,8,61308254A79,97A61308254
2130,347311,345260,484,484,0,0,8,46130825A79,97A46130825
2129,347310,347318,363,363,0,0,8,54613082A79,97A54613082
2128,347317,376854,242,242,0,0,8,25461308A79,97A25461308
2127,132537,112552,121,121,0,0,8,80346125A79,97A80346125
2126,132536,112570,968,968,0,0,8,58034612A79,97A58034612
2125,132535,112660,847,847,0,0,8,25803461A79,97A25803461
2124,132534,113224,726,726,0,0,8,12580346A79,97A12580346
2123,132533,114360,605,605,0,0,8,61258034A79,97A61258034
2122,132532,132540,484,484,0,0,8,46125803A79,97A46125803
2121,132539,302880,363,363,0,0,8,34612580A79,97A34612580
2120,132538,112561,242,242,0,0,8,03461258A79,97A03461258
2119,132545,112579,121,121,0,0,8,85034612A79,97A85034612
2118,132544,112669,968,968,0,0,8,28503461A79,97A28503461
2117,132543,113233,847,847,0,0,8,12850346A79,97A12850346
2116,132542,114369,726,726,0,0,8,61285034A79,97A61285034
2115,132541,132549,605,605,0,0,8,46128503A79,97A46128503
2114,132548,302889,484,484,0,0,8,34612850A79,97A34612850
2113,132547,112588,363,363,0,0,8,03461285A79,97A03461285
2112,132546,112597,242,242,0,0,8,50346128A79,97A50346128
2111,132571,112696,121,121,0,0,8,82503461A79,97A82503461
2110,132570,113260,968,968,0,0,8,18250346A79,97A18250346
2109,132569,114396,847,847,0,0,8,61825034A79,97A61825034
2108,132568,132576,726,726,0,0,8,46182503A79,97A46182503
2107,132575,302916,605,605,0,0,8,34618250A79,97A34618250
2106,132574,112714,484,484,0,0,8,03461825A79,97A03461825
2105,132573,112723,363,363,0,0,8,50346182A79,97A50346182
2104,132572,112750,242,242,0,0,8,25034618A79,97A25034618
2103,132702,113392,121,121,0,0,8,81250346A79,97A81250346
2102,132701,114528,968,968,0,0,8,68125034A79,97A68125034
2101,132700,132708,847,847,0,0,8,46812503A79,97A46812503
2100,132707,303048,726,726,0,0,8,34681250A79,97A34681250
2099,132706,113448,605,605,0,0,8,03468125A79,97A03468125
2098,132705,113457,484,484,0,0,8,50346812A79,97A50346812
2097,132704,113484,363,363,0,0,8,25034681A79,97A25034681
2096,132703,113616,242,242,0,0,8,12503468A79,97A12503468
2095,132929,114756,121,121,0,0,8,86125034A79,97A86125034
2094,132928,132936,968,968,0,0,8,48612503A79,97A48612503
2093,132935,303276,847,847,0,0,8,34861250A79,97A34861250
2092,132934,115500,726,726,0,0,8,03486125A79,97A03486125
2091,132933,115509,605,605,0,0,8,50348612A79,97A50348612
2090,132932,115536,484,484,0,0,8,25034861A79,97A25034861
2089,132931,115668,363,363,0,0,8,12503486A79,97A12503486
2088,132930,115896,242,242,0,0,8,61250348A79,97A61250348
2087,135882,135890,121,121,0,0,8,84612503A79,97A84612503
2086,135889,306230,968,968,0,0,8,38461250A79,97A38461250
2085,135888,139368,847,847,0,0,8,03846125A79,97A03846125
2084,135887,139377,726,726,0,0,8,50384612A79,97A50384612
2083,135886,139404,605,605,0,0,8,25038461A79,97A25038461
2082,135885,139536,484,484,0,0,8,12503846A79,97A12503846
2081,135884,139764,363,363,0,0,8,61250384A79,97A61250384
2080,135883,142718,242,242,0,0,8,46125038A79,97A46125038
2079,353940,330076,121,121,0,0,8,83461250A79,97A83461250
2078,353939,350592,968,968,0,0,8,08346125A79,97A08346125
2077,353938,350601,847,847,0,0,8,50834612A79,97A50834612
2076,353937,350628,726,726,0,0,8,25083461A79,97A25083461
2075,353936,350760,605,605,0,0,8,12508346A79,97A12508346
2074,353935,350988,484,484,0,0,8,61250834A79,97A61250834
2073,353934,353942,363,363,0,0,8,46125083A79,97A46125083
2072,353941,377788,242,242,0,0,8,34612508A79,97A34612508
2071,225042,191025,121,121,0,0,8,A0512346879,978A0512346
2070,225051,191062,121,121,0,0,8,6A051234879,9786A051234
2069,225078,191216,121,121,0,0,8,46A05123879,97846A05123
2068,225210,192083,121,121,0,0,8,346A0512879,978346A0512
2067,225954,197632,121,121,0,0,8,2346A051879,9782346A051
2066,230712,237515,121,121,0,0,8,12346A05879,97812346A05
2065,366947,379434,121,121,0,0,8,512346A0879,978512346A0
2064,225041,191032,242,242,0,0,8,0512346A879,9780512346A
2063,225050,191061,121,121,0,0,8,A6051234879,978A6051234
2062,225077,191215,121,121,0,0,8,4A605123879,9784A605123
2061,225209,192082,121,121,0,0,8,34A60512879,97834A60512
2060,225953,197631,121,121,0,0,8,234A6051879,978234A6051
2059,230711,237514,121,121,0,0,8,1234A605879,9781234A605
2058,366946,379433,121,121,0,0,8,51234A60879,97851234A60
2057,225040,191031,121,121,0,0,8,051234A6879,978051234A6
2056,225049,191068,242,242,0,0,8,6051234A879,9786051234A
2055,225076,191214,121,121,0,0,8,A4605123879,978A4605123
2054,225208,192081,121,121,0,0,8,3A460512879,9783A460512
2053,225952,197630,121,121,0,0,8,23A46051879,97823A46051
2052,230710,237513,121,121,0,0,8,123A4605879,978123A4605
2051,366945,379432,121,121,0,0,8,5123A460879,9785123A460
2050,225039,191030,121,121,0,0,8,05123A46879,97805123A46
2049,225048,191067,121,121,0,0,8,605123A4879,978605123A4
2048,225075,191221,242,242,0,0,8,4605123A879,9784605123A
2047,225207,192080,121,121,0,0,8,A3460512879,978A3460512
2046,225951,197629,121,121,0,0,8,2A346051879,9782A346051
2045,230709,237512,121,121,0,0,8,12A34605879,97812A34605
2044,366944,379431,121,121,0,0,8,512A3460879,978512A3460
2043,225038,191029,121,121,0,0,8,0512A346879,9780512A346
2042,225047,191066,121,121,0,0,8,60512A34879,97860512A34
2041,225074,191220,121,121,0,0,8,460512A3879,978460512A3
2040,225206,192087,242,242,0,0,8,3460512A879,9783460512A
2039,225950,197628,121,121,0,0,8,A2346051879,978A2346051
2038,230708,237511,121,121,0,0,8,1A234605879,9781A234605
2037,366943,379430,121,121,0,0,8,51A23460879,97851A23460
2036,225037,191028,121,121,0,0,8,051A2346879,978051A2346
2035,225046,191065,121,121,0,0,8,6051A234879,9786051A234
2034,225073,191219,121,121,0,0,8,46051A23879,97846051A23
2033,225205,192086,121,121,0,0,8,346051A2879,978346051A2
2032,225949,197635,242,242,0,0,8,2346051A879,9782346051A
2031,230707,237510,121,121,0,0,8,A1234605879,978A1234605
2030,366942,379429,121,121,0,0,8,5A123460879,9785A123460
2029,225036,191027,121,121,0,0,8,05A12346879,97805A12346
2028,225045,191064,121,121,0,0,8,605A1234879,978605A1234
2027,225072,191218,121,121,0,0,8,4605A123879,9784605A123
2026,225204,192085,121,121,0,0,8,34605A12879,97834605A12
2025,225948,197634,121,121,0,0,8,234605A1879,978234605A1
2024,230706,237517,242,242,0,0,8,1234605A879,9781234605A
2023,366949,379428,121,121,0,0,8,A5123460879,978A5123460
2022,225043,191026,121,121,0,0,8,0A512346879,9780A512346
2021,225052,191063,121,121,0,0,8,60A51234879,97860A51234
2020,225079,191217,121,121,0,0,8,460A5123879,978460A5123
2019,225211,192084,121,121,0,0,8,3460A512879,9783460A512
2018,225955,197633,121,121,0,0,8,23460A51879,97823460A51
2017,230713,237516,121,121,0,0,8,123460A5879,978123460A5
2016,366948,379435,242,242,0,0,8,5123460A879,9785123460A
2015,180103,159195,121,121,0,0,8,86043512A79,97A86043512
2014,180102,159297,968,968,0,0,8,28604351A79,97A28604351
2013,180101,159873,847,847,0,0,8,12860435A79,97A12860435
2012,180100,161977,726,726,0,0,8,51286043A79,97A51286043
2011,180099,180107,605,605,0,0,8,35128604A79,97A35128604
2010,180106,309479,484,484,0,0,8,43512860A79,97A43512860
2009,180105,159204,363,363,0,0,8,04351286A79,97A04351286
2008,180104,159213,242,242,0,0,8,60435128A79,97A60435128
2007,180133,159328,121,121,0,0,8,82604351A79,97A82604351
2006,180132,159904,968,968,0,0,8,18260435A79,97A18260435
2005,180131,162008,847,847,0,0,8,51826043A79,97A51826043
2004,180130,180138,726,726,0,0,8,35182604A79,97A35182604
2003,180137,309510,605,605,0,0,8,43518260A79,97A43518260
2002,180136,159348,484,484,0,0,8,04351826A79,97A04351826
2001,180135,159357,363,363,0,0,8,60435182A79,97A60435182
2000,180134,159388,242,242,0,0,8,26043518A79,97A26043518
1999,180266,160038,121,121,0,0,8,81260435A79,97A81260435
1998,180265,162142,968,968,0,0,8,58126043A79,97A58126043
1997,180264,180272,847,847,0,0,8,35812604A79,97A35812604
1996,180271,309644,726,726,0,0,8,43581260A79,97A43581260
1995,180270,160096,605,605,0,0,8,04358126A79,97A04358126
1994,180269,160105,484,484,0,0,8,60435812A79,97A60435812
1993,180268,160136,363,363,0,0,8,26043581A79,97A26043581
1992,180267,160270,242,242,0,0,8,12604358A79,97A12604358
1991,180673,162550,121,121,0,0,8,85126043A79,97A85126043
1990,180672,180680,968,968,0,0,8,38512604A79,97A38512604
1989,180679,310052,847,847,0,0,8,43851260A79,97A43851260
1988,180678,163108,726,726,0,0,8,04385126A79,97A04385126
1987,180677,163117,605,605,0,0,8,60438512A79,97A60438512
1986,180676,163148,484,484,0,0,8,26043851A79,97A26043851
1985,180675,163282,363,363,0,0,8,12604385A79,97A12604385
1984,180674,163690,242,242,0,0,8,51260438A79,97A51260438
1983,183618,183626,121,121,0,0,8,83512604A79,97A83512604
1982,183625,312998,968,968,0,0,8,48351260A79,97A48351260
1981,183624,186926,847,847,0,0,8,04835126A79,97A04835126
1980,183623,186935,726,726,0,0,8,60483512A79,97A60483512
1979,183622,186966,605,605,0,0,8,26048351A79,97A26048351
1978,183621,187100,484,484,0,0,8,12604835A79,97A12604835
1977,183620,187508,363,363,0,0,8,51260483A79,97A51260483
1976,183619,190454,242,242,0,0,8,35126048A79,97A35126048
1975,360708,331154,121,121,0,0,8,84351260A79,97A84351260
1974,360707,357182,968,968,0,0,8,08435126A79,97A08435126
1973,360706,357191,847,847,0,0,8,60843512A79,97A60843512
1972,360705,357222,726,726,0,0,8,26084351A79,97A26084351
1971,360704,357356,605,605,0,0,8,12608435A79,97A12608435
1970,360703,357764,484,484,0,0,8,51260843A79,97A51260843
1969,360702,360710,363,363,0,0,8,35126084A79,97A35126084
1968,360709,378866,242,242,0,0,8,43512608A79,97A43512608
1967,180095,159168,121,121,0,0,8,80435126A79,97A80435126
1966,180094,159186,968,968,0,0,8,68043512A79,97A68043512
1965,180093,159288,847,847,0,0,8,26804351A79,97A26804351
1964,180092,159864,726,726,0,0,8,12680435A79,97A12680435
1963,180091,161968,605,605,0,0,8,51268043A79,97A51268043
1962,180090,180098,484,484,0,0,8,35126804A79,97A35126804
1961,180097,309470,363,363,0,0,8,43512680A79,97A43512680
1960,180096,159177,242,242,0,0,8,04351268A79,97A04351268
1959,180762,162639,121,121,0,0,8,86251043A79,97A86251043
1958,180761,180769,968,968,0,0,8,38625104A79,97A38625104
1957,180768,310141,847,847,0,0,8,43862510A79,97A43862510
1956,180767,163424,726,726,0,0,8,04386251A79,97A04386251
1955,180766,163433,605,605,0,0,8,10438625A79,97A10438625
1954,180765,163451,484,484,0,0,8,51043862A79,97A51043862
1953,180764,163551,363,363,0,0,8,25104386A79,97A25104386
1952,180763,163779,242,242,0,0,8,62510438A79,97A62510438
1951,183707,183715,121,121,0,0,8,83625104A79,97A83625104
1950,183714,313087,968,968,0,0,8,48362510A79,97A48362510
1949,183713,187242,847,847,0,0,8,04836251A79,97A04836251
1948,183712,187251,726,726,0,0,8,10483625A79,97A10483625
1947,183711,187269,605,605,0,0,8,51048362A79,97A51048362
1946,183710,187369,484,484,0,0,8,25104836A79,97A25104836
1945,183709,187597,363,363,0,0,8,62510483A79,97A62510483
1944,183708,190543,242,242,0,0,8,36251048A79,97A36251048
1943,360797,331243,121,121,0,0,8,84362510A79,97A84362510
1942,360796,357498,968,968,0,0,8,08436251A79,97A08436251
1941,360795,357507,847,847,0,0,8,10843625A79,97A10843625
1940,360794,357525,726,726,0,0,8,51084362A79,97A51084362
1939,360793,357625,605,605,0,0,8,25108436A79,97A25108436
1938,360792,357853,484,484,0,0,8,62510843A79,97A62510843
1937,360791,360799,363,363,0,0,8,36251084A79,97A36251084
1936,360798,378955,242,242,0,0,8,43625108A79,97A43625108
1935,180411,160646,121,121,0,0,8,80436251A79,97A80436251
1934,180410,160664,968,968,0,0,8,18043625A79,97A18043625
1933,180409,160718,847,847,0,0,8,51804362A79,97A51804362
1932,180408,161132,726,726,0,0,8,25180436A79,97A25180436
1931,180407,162284,605,605,0,0,8,62518043A79,97A62518043
1930,180406,180414,484,484,0,0,8,36251804A79,97A36251804
1929,180413,309786,363,363,0,0,8,43625180A79,97A43625180
1928,180412,160655,242,242,0,0,8,04362518A79,97A04362518
1927,180419,160673,121,121,0,0,8,81043625A79,97A81043625
1926,180418,160727,968,968,0,0,8,58104362A79,97A58104362
1925,180417,161141,847,847,0,0,8,25810436A79,97A25810436
1924,180416,162293,726,726,0,0,8,62581043A79,97A62581043
1923,180415,180423,605,605,0,0,8,36258104A79,97A36258104
1922,180422,309795,484,484,0,0,8,43625810A79,97A43625810
1921,180421,160682,363,363,0,0,8,04362581A79,97A04362581
1920,180420,160691,242,242,0,0,8,10436258A79,97A10436258
1919,180436,160745,121,121,0,0,8,85104362A79,97A85104362
1918,180435,161159,968,968,0,0,8,28510436A79,97A28510436
1917,180434,162311,847,847,0,0,8,62851043A79,97A62851043
1916,180433,180441,726,726,0,0,8,36285104A79,97A36285104
1915,180440,309813,605,605,0,0,8,43628510A79,97A43628510
1914,180439,160772,484,484,0,0,8,04362851A79,97A04362851
1913,180438,160781,363,363,0,0,8,10436285A79,97A10436285
1912,180437,160799,242,242,0,0,8,51043628A79,97A51043628
1911,180535,161259,121,121,0,0,8,82510436A79,97A82510436
1910,180534,162411,968,968,0,0,8,68251043A79,97A68251043
1909,180533,180541,847,847,0,0,8,36825104A79,97A36825104
1908,180540,309913,726,726,0,0,8,43682510A79,97A43682510
1907,180539,161372,605,605,0,0,8,04368251A79,97A04368251
1906,180538,161381,484,484,0,0,8,10436825A79,97A10436825
1905,180537,161399,363,363,0,0,8,51043682A79,97A51043682
1904,180536,161499,242,242,0,0,8,25104368A79,97A25104368
1903,85362,69179,121,121,0,0,8,A3640251879,978A3640251
1902,86094,74652,121,121,0,0,8,1A364025879,9781A364025
1901,88152,94979,121,121,0,0,8,51A36402879,97851A36402
1900,347171,376708,121,121,0,0,8,251A3640879,978251A3640
1899,85192,68107,121,121,0,0,8,0251A364879,9780251A364
1898,85201,68144,121,121,0,0,8,40251A36879,97840251A36
1897,85221,68265,121,121,0,0,8,640251A3879,978640251A3
1896,85361,69186,242,242,0,0,8,3640251A879,9783640251A
1895,86093,74651,121,121,0,0,8,A1364025879,978A1364025
1894,88151,94978,121,121,0,0,8,5A136402879,9785A136402
1893,347170,376707,121,121,0,0,8,25A13640879,97825A13640
1892,85191,68106,121,121,0,0,8,025A1364879,978025A1364
1891,85200,68143,121,121,0,0,8,4025A136879,9784025A136
1890,85220,68264,121,121,0,0,8,64025A13879,97864025A13
1889,85360,69185,121,121,0,0,8,364025A1879,978364025A1
1888,86092,74658,242,242,0,0,8,1364025A879,9781364025A
1887,88150,94977,121,121,0,0,8,A5136402879,978A5136402
1886,347169,376706,121,121,0,0,8,2A513640879,9782A513640
1885,85190,68105,121,121,0,0,8,02A51364879,97802A51364
1884,85199,68142,121,121,0,0,8,402A5136879,978402A5136
1883,85219,68263,121,121,0,0,8,6402A513879,9786402A513
1882,85359,69184,121,121,0,0,8,36402A51879,97836402A51
1881,86091,74657,121,121,0,0,8,136402A5879,978136402A5
1880,88149,94984,242,242,0,0,8,5136402A879,9785136402A
1879,347176,376705,121,121,0,0,8,A2513640879,978A2513640
1878,85197,68104,121,121,0,0,8,0A251364879,9780A251364
1877,85206,68141,121,121,0,0,8,40A25136879,97840A25136
1876,85226,68262,121,121,0,0,8,640A2513879,978640A2513
1875,85366,69183,121,121,0,0,8,3640A251879,9783640A251
1874,86098,74656,121,121,0,0,8,13640A25879,97813640A25
1873,88156,94983,121,121,0,0,8,513640A2879,978513640A2
1872,347175,376712,242,242,0,0,8,2513640A879,9782513640A
1871,85196,68103,121,121,0,0,8,A0251364879,978A0251364
1870,85205,68140,121,121,0,0,8,4A025136879,9784A025136
1869,85225,68261,121,121,0,0,8,64A02513879,97864A02513
1868,85365,69182,121,121,0,0,8,364A0251879,978364A0251
1867,86097,74655,121,121,0,0,8,1364A025879,9781364A025
1866,88155,94982,121,121,0,0,8,51364A02879,97851364A02
1865,347174,376711,121,121,0,0,8,251364A0879,978251364A0
1864,85195,68110,242,242,0,0,8,0251364A879,9780251364A
1863,85204,68139,121,121,0,0,8,A4025136879,978A4025136
1862,85224,68260,121,121,0,0,8,6A402513879,9786A402513
1861,85364,69181,121,121,0,0,8,36A40251879,97836A40251
1860,86096,74654,121,121,0,0,8,136A4025879,978136A4025
1859,88154,94981,121,121,0,0,8,5136A402879,9785136A402
1858,347173,376710,121,121,0,0,8,25136A40879,97825136A40
1857,85194,68109,121,121,0,0,8,025136A4879,978025136A4
1856,85203,68146,242,242,0,0,8,4025136A879,9784025136A
1855,85223,68259,121,121,0,0,8,A6402513879,978A6402513
1854,85363,69180,121,121,0,0,8,3A640251879,9783A640251
1853,86095,74653,121,121,0,0,8,13A64025879,97813A64025
1852,88153,94980,121,121,0,0,8,513A6402879,978513A6402
1851,347172,376709,121,121,0,0,8,2513A640879,9782513A640
1850,85193,68108,121,121,0,0,8,02513A64879,97802513A64
1849,85202,68145,121,121,0,0,8,402513A6879,978402513A6
1848,85222,68266,242,242,0,0,8,6402513A879,9786402513A
1847,353342,377181,121,121,0,0,8,A3125640879,978A3125640
1846,129649,95728,121,121,0,0,8,0A312564879,9780A312564
1845,129658,95765,121,121,0,0,8,40A31256879,97840A31256
1844,129676,95874,121,121,0,0,8,640A3125879,978640A3125
1843,129768,96533,121,121,0,0,8,5640A312879,9785640A312
1842,130512,102070,121,121,0,0,8,25640A31879,97825640A31
1841,135290,142117,121,121,0,0,8,125640A3879,978125640A3
1840,353341,377188,242,242,0,0,8,3125640A879,9783125640A
1839,129648,95727,121,121,0,0,8,A0312564879,978A0312564
1838,129657,95764,121,121,0,0,8,4A031256879,9784A031256
1837,129675,95873,121,121,0,0,8,64A03125879,97864A03125
1836,129767,96532,121,121,0,0,8,564A0312879,978564A0312
1835,130511,102069,121,121,0,0,8,2564A031879,9782564A031
1834,135289,142116,121,121,0,0,8,12564A03879,97812564A03
1833,353340,377187,121,121,0,0,8,312564A0879,978312564A0
1832,129647,95734,242,242,0,0,8,0312564A879,9780312564A
1831,129656,95763,121,121,0,0,8,A4031256879,978A4031256
1830,129674,95872,121,121,0,0,8,6A403125879,9786A403125
1829,129766,96531,121,121,0,0,8,56A40312879,97856A40312
1828,130510,102068,121,121,0,0,8,256A4031879,978256A4031
1827,135288,142115,121,121,0,0,8,1256A403879,9781256A403
1826,353339,377186,121,121,0,0,8,31256A40879,97831256A40
1825,129646,95733,121,121,0,0,8,031256A4879,978031256A4
1824,129655,95770,242,242,0,0,8,4031256A879,9784031256A
1823,129673,95871,121,121,0,0,8,A6403125879,978A6403125
1822,129765,96530,121,121,0,0,8,5A640312879,9785A640312
1821,130509,102067,121,121,0,0,8,25A64031879,97825A64031
1820,135287,142114,121,121,0,0,8,125A6403879,978125A6403
1819,353338,377185,121,121,0,0,8,3125A640879,9783125A640
1818,129645,95732,121,121,0,0,8,03125A64879,97803125A64
1817,129654,95769,121,121,0,0,8,403125A6879,978403125A6
1816,129672,95878,242,242,0,0,8,6403125A879,9786403125A
1815,129764,96529,121,121,0,0,8,A5640312879,978A5640312
1814,130508,102066,121,121,0,0,8,2A564031879,9782A564031
1813,135286,142113,121,121,0,0,8,12A56403879,97812A56403
1812,353337,377184,121,121,0,0,8,312A5640879,978312A5640
1811,129644,95731,121,121,0,0,8,0312A564879,9780312A564
1810,129653,95768,121,121,0,0,8,40312A56879,97840312A56
1809,129671,95877,121,121,0,0,8,640312A5879,978640312A5
1808,129763,96536,242,242,0,0,8,5640312A879,9785640312A
1807,130507,102065,121,121,0,0,8,A2564031879,978A2564031
1806,135285,142112,121,121,0,0,8,1A256403879,9781A256403
1805,353336,377183,121,121,0,0,8,31A25640879,97831A25640
1804,129643,95730,121,121,0,0,8,031A2564879,978031A2564
1803,129652,95767,121,121,0,0,8,4031A256879,9784031A256
1802,129670,95876,121,121,0,0,8,64031A25879,97864031A25
1801,129762,96535,121,121,0,0,8,564031A2879,978564031A2
1800,130506,102072,242,242,0,0,8,2564031A879,9782564031A
1799,135284,142111,121,121,0,0,8,A1256403879,978A1256403
1798,353335,377182,121,121,0,0,8,3A125640879,9783A125640
1797,129642,95729,121,121,0,0,8,03A12564879,97803A12564
1796,129651,95766,121,121,0,0,8,403A1256879,978403A1256
1795,129669,95875,121,121,0,0,8,6403A125879,9786403A125
1794,129761,96534,121,121,0,0,8,56403A12879,97856403A12
1793,130505,102071,121,121,0,0,8,256403A1879,978256403A1
1792,135283,142118,242,242,0,0,8,1256403A879,9781256403A
1791,230249,221571,121,121,0,0,8,83056412A79,97A83056412
1790,230248,221673,968,968,0,0,8,28305641A79,97A28305641
1789,230247,222273,847,847,0,0,8,12830564A79,97A12830564
1788,230246,223433,726,726,0,0,8,41283056A79,97A41283056
1787,230245,230253,605,605,0,0,8,64128305A79,97A64128305
1786,230252,318777,484,484,0,0,8,56412830A79,97A56412830
1785,230251,221580,363,363,0,0,8,05641283A79,97A05641283
1784,230250,221589,242,242,0,0,8,30564128A79,97A30564128
1783,230279,221704,121,121,0,0,8,82305641A79,97A82305641
1782,230278,222304,968,968,0,0,8,18230564A79,97A18230564
1781,230277,223464,847,847,0,0,8,41823056A79,97A41823056
1780,230276,230284,726,726,0,0,8,64182305A79,97A64182305
1779,230283,318808,605,605,0,0,8,56418230A79,97A56418230
1778,230282,221724,484,484,0,0,8,05641823A79,97A05641823
1777,230281,221733,363,363,0,0,8,30564182A79,97A30564182
1776,230280,221764,242,242,0,0,8,23056418A79,97A23056418
1775,230418,222444,121,121,0,0,8,81230564A79,97A81230564
1774,230417,223604,968,968,0,0,8,48123056A79,97A48123056
1773,230416,230424,847,847,0,0,8,64812305A79,97A64812305
1772,230423,318948,726,726,0,0,8,56481230A79,97A56481230
1771,230422,222504,605,605,0,0,8,05648123A79,97A05648123
1770,230421,222513,484,484,0,0,8,30564812A79,97A30564812
1769,230420,222544,363,363,0,0,8,23056481A79,97A23056481
1768,230419,222684,242,242,0,0,8,12305648A79,97A12305648
1767,230647,223834,121,121,0,0,8,84123056A79,97A84123056
1766,230646,230654,968,968,0,0,8,68412305A79,97A68412305
1765,230653,319178,847,847,0,0,8,56841230A79,97A56841230
1764,230652,224574,726,726,0,0,8,05684123A79,97A05684123
1763,230651,224583,605,605,0,0,8,30568412A79,97A30568412
1762,230650,224614,484,484,0,0,8,23056841A79,97A23056841
1761,230649,224754,363,363,0,0,8,12305684A79,97A12305684
1760,230648,224984,242,242,0,0,8,41230568A79,97A41230568
1759,231780,231788,121,121,0,0,8,86412305A79,97A86412305
1758,231787,320312,968,968,0,0,8,58641230A79,97A58641230
1757,231786,237048,847,847,0,0,8,05864123A79,97A05864123
1756,231785,237057,726,726,0,0,8,30586412A79,97A30586412
1755,231784,237088,605,605,0,0,8,23058641A79,97A23058641
1754,231783,237228,484,484,0,0,8,12305864A79,97A12305864
1753,231782,237458,363,363,0,0,8,41230586A79,97A41230586
1752,231781,238592,242,242,0,0,8,64123058A79,97A64123058
1751,368022,332798,121,121,0,0,8,85641230A79,97A85641230
1750,368021,366480,968,968,0,0,8,08564123A79,97A08564123
1749,368020,366489,847,847,0,0,8,30856412A79,97A30856412
1748,368019,366520,726,726,0,0,8,23085641A79,97A23085641
1747,368018,366660,605,605,0,0,8,12308564A79,97A12308564
1746,368017,366890,484,484,0,0,8,41230856A79,97A41230856
1745,368016,368024,363,363,0,0,8,64123085A79,97A64123085
1744,368023,380510,242,242,0,0,8,56412308A79,97A56412308
1743,230241,221544,121,121,0,0,8,80564123A79,97A80564123
1742,230240,221562,968,968,0,0,8,38056412A79,97A38056412
1741,230239,221664,847,847,0,0,8,23805641A79,97A23805641
1740,230238,222264,726,726,0,0,8,12380564A79,97A12380564
1739,230237,223424,605,605,0,0,8,41238056A79,97A41238056
1738,230236,230244,484,484,0,0,8,64123805A79,97A64123805
1737,230243,318768,363,363,0,0,8,56412380A79,97A56412380
1736,230242,221553,242,242,0,0,8,05641238A79,97A05641238
1735,230621,224949,121,121,0,0,8,A3241056879,978A3241056
1734,231755,238558,121,121,0,0,8,6A324105879,9786A324105
1733,367990,380477,121,121,0,0,8,56A32410879,97856A32410
1732,230091,220722,121,121,0,0,8,056A3241879,978056A3241
1731,230100,220759,121,121,0,0,8,1056A324879,9781056A324
1730,230118,220868,121,121,0,0,8,41056A32879,97841056A32
1729,230210,221515,121,121,0,0,8,241056A3879,978241056A3
1728,230620,224956,242,242,0,0,8,3241056A879,9783241056A
1727,231754,238557,121,121,0,0,8,A6324105879,978A6324105
1726,367989,380476,121,121,0,0,8,5A632410879,9785A632410
1725,230090,220721,121,121,0,0,8,05A63241879,97805A63241
1724,230099,220758,121,121,0,0,8,105A6324879,978105A6324
1723,230117,220867,121,121,0,0,8,4105A632879,9784105A632
1722,230209,221514,121,121,0,0,8,24105A63879,97824105A63
1721,230619,224955,121,121,0,0,8,324105A6879,978324105A6
1720,231753,238564,242,242,0,0,8,6324105A879,9786324105A
1719,367996,380475,121,121,0,0,8,A5632410879,978A5632410
1718,230097,220720,121,121,0,0,8,0A563241879,9780A563241
1717,230106,220757,121,121,0,0,8,10A56324879,97810A56324
1716,230124,220866,121,121,0,0,8,410A5632879,978410A5632
1715,230216,221513,121,121,0,0,8,2410A563879,9782410A563
1714,230626,224954,121,121,0,0,8,32410A56879,97832410A56
1713,231760,238563,121,121,0,0,8,632410A5879,978632410A5
1712,367995,380482,242,242,0,0,8,5632410A879,9785632410A
1711,230096,220719,121,121,0,0,8,A0563241879,978A0563241
1710,230105,220756,121,121,0,0,8,1A056324879,9781A056324
1709,230123,220865,121,121,0,0,8,41A05632879,97841A05632
1708,230215,221512,121,121,0,0,8,241A0563879,978241A0563
1707,230625,224953,121,121,0,0,8,3241A056879,9783241A056
1706,231759,238562,121,121,0,0,8,63241A05879,97863241A05
1705,367994,380481,121,121,0,0,8,563241A0879,978563241A0
1704,230095,220726,242,242,0,0,8,0563241A879,9780563241A
1703,230104,220755,121,121,0,0,8,A1056324879,978A1056324
1702,230122,220864,121,121,0,0,8,4A105632879,9784A105632
1701,230214,221511,121,121,0,0,8,24A10563879,97824A10563
1700,230624,224952,121,121,0,0,8,324A1056879,978324A1056
1699,231758,238561,121,121,0,0,8,6324A105879,9786324A105
1698,367993,380480,121,121,0,0,8,56324A10879,97856324A10
1697,230094,220725,121,121,0,0,8,056324A1879,978056324A1
1696,230103,220762,242,242,0,0,8,1056324A879,9781056324A
1695,230121,220863,121,121,0,0,8,A4105632879,978A4105632
1694,230213,221510,121,121,0,0,8,2A410563879,9782A410563
1693,230623,224951,121,121,0,0,8,32A41056879,97832A41056
1692,231757,238560,121,121,0,0,8,632A4105879,978632A4105
1691,367992,380479,121,121,0,0,8,5632A410879,9785632A410
1690,230093,220724,121,121,0,0,8,05632A41879,97805632A41
1689,230102,220761,121,121,0,0,8,105632A4879,978105632A4
1688,230120,220870,242,242,0,0,8,4105632A879,9784105632A
1687,230212,221509,121,121,0,0,8,A2410563879,978A2410563
1686,230622,224950,121,121,0,0,8,3A241056879,9783A241056
1685,231756,238559,121,121,0,0,8,63A24105879,97863A24105
1684,367991,380478,121,121,0,0,8,563A2410879,978563A2410
1683,230092,220723,121,121,0,0,8,0563A241879,9780563A241
1682,230101,220760,121,121,0,0,8,10563A24879,97810563A24
1681,230119,220869,121,121,0,0,8,410563A2879,978410563A2
1680,230211,221516,242,242,0,0,8,2410563A879,9782410563A
1679,84251,62368,121,121,0,0,8,A6350241879,978A6350241
1678,84983,67841,121,121,0,0,8,1A635024879,9781A635024
1677,87953,94780,121,121,0,0,8,41A63502879,97841A63502
1676,346972,376509,121,121,0,0,8,241A6350879,978241A6350
1675,84150,61681,121,121,0,0,8,0241A635879,9780241A635
1674,84159,61718,121,121,0,0,8,50241A63879,97850241A63
1673,84190,61894,121,121,0,0,8,350241A6879,978350241A6
1672,84250,62375,242,242,0,0,8,6350241A879,9786350241A
1671,84982,67840,121,121,0,0,8,A1635024879,978A1635024
1670,87952,94779,121,121,0,0,8,4A163502879,9784A163502
1669,346971,376508,121,121,0,0,8,24A16350879,97824A16350
1668,84149,61680,121,121,0,0,8,024A1635879,978024A1635
1667,84158,61717,121,121,0,0,8,5024A163879,9785024A163
1666,84189,61893,121,121,0,0,8,35024A16879,97835024A16
1665,84249,62374,121,121,0,0,8,635024A1879,978635024A1
1664,84981,67847,242,242,0,0,8,1635024A879,9781635024A
1663,87951,94778,121,121,0,0,8,A4163502879,978A4163502
1662,346970,376507,121,121,0,0,8,2A416350879,9782A416350
1661,84148,61679,121,121,0,0,8,02A41635879,97802A41635
1660,84157,61716,121,121,0,0,8,502A4163879,978502A4163
1659,84188,61892,121,121,0,0,8,3502A416879,9783502A416
1658,84248,62373,121,121,0,0,8,63502A41879,97863502A41
1657,84980,67846,121,121,0,0,8,163502A4879,978163502A4
1656,87950,94785,242,242,0,0,8,4163502A879,9784163502A
1655,346977,376506,121,121,0,0,8,A2416350879,978A2416350
1654,84155,61678,121,121,0,0,8,0A241635879,9780A241635
1653,84164,61715,121,121,0,0,8,50A24163879,97850A24163
1652,84195,61891,121,121,0,0,8,350A2416879,978350A2416
1651,84255,62372,121,121,0,0,8,6350A241879,9786350A241
1650,84987,67845,121,121,0,0,8,16350A24879,97816350A24
1649,87957,94784,121,121,0,0,8,416350A2879,978416350A2
1648,346976,376513,242,242,0,0,8,2416350A879,9782416350A
1647,84154,61677,121,121,0,0,8,A0241635879,978A0241635
1646,84163,61714,121,121,0,0,8,5A024163879,9785A024163
1645,84194,61890,121,121,0,0,8,35A02416879,97835A02416
1644,84254,62371,121,121,0,0,8,635A0241879,978635A0241
1643,84986,67844,121,121,0,0,8,1635A024879,9781635A024
1642,87956,94783,121,121,0,0,8,41635A02879,97841635A02
1641,346975,376512,121,121,0,0,8,241635A0879,978241635A0
1640,84153,61684,242,242,0,0,8,0241635A879,9780241635A
1639,84162,61713,121,121,0,0,8,A5024163879,978A5024163
1638,84193,61889,121,121,0,0,8,3A502416879,9783A502416
1637,84253,62370,121,121,0,0,8,63A50241879,97863A50241
1636,84985,67843,121,121,0,0,8,163A5024879,978163A5024
1635,87955,94782,121,121,0,0,8,4163A502879,9784163A502
1634,346974,376511,121,121,0,0,8,24163A50879,97824163A50
1633,84152,61683,121,121,0,0,8,024163A5879,978024163A5
1632,84161,61720,242,242,0,0,8,5024163A879,9785024163A
1631,84192,61888,121,121,0,0,8,A3502416879,978A3502416
1630,84252,62369,121,121,0,0,8,6A350241879,9786A350241
1629,84984,67842,121,121,0,0,8,16A35024879,97816A35024
1628,87954,94781,121,121,0,0,8,416A3502879,978416A3502
1627,346973,376510,121,121,0,0,8,2416A350879,9782416A350
1626,84151,61682,121,121,0,0,8,02416A35879,97802416A35
1625,84160,61719,121,121,0,0,8,502416A3879,978502416A3
1624,84191,61895,242,242,0,0,8,3502416A879,9783502416A
1623,373771,380580,121,121,0,0,8,A6124350879,978A6124350
1622,272725,238870,121,121,0,0,8,0A612435879,9780A612435
1621,272734,238907,121,121,0,0,8,50A61243879,97850A61243
1620,272765,239083,121,121,0,0,8,350A6124879,978350A6124
1619,272857,239730,121,121,0,0,8,4350A612879,9784350A612
1618,273609,245337,121,121,0,0,8,24350A61879,97824350A61
1617,278359,285162,121,121,0,0,8,124350A6879,978124350A6
1616,373770,380587,242,242,0,0,8,6124350A879,9786124350A
1615,272724,238869,121,121,0,0,8,A0612435879,978A0612435
1614,272733,238906,121,121,0,0,8,5A061243879,9785A061243
1613,272764,239082,121,121,0,0,8,35A06124879,97835A06124
1612,272856,239729,121,121,0,0,8,435A0612879,978435A0612
1611,273608,245336,121,121,0,0,8,2435A061879,9782435A061
1610,278358,285161,121,121,0,0,8,12435A06879,97812435A06
1609,373769,380586,121,121,0,0,8,612435A0879,978612435A0
1608,272723,238876,242,242,0,0,8,0612435A879,9780612435A
1607,272732,238905,121,121,0,0,8,A5061243879,978A5061243
1606,272763,239081,121,121,0,0,8,3A506124879,9783A506124
1605,272855,239728,121,121,0,0,8,43A50612879,97843A50612
1604,273607,245335,121,121,0,0,8,243A5061879,978243A5061
1603,278357,285160,121,121,0,0,8,1243A506879,9781243A506
1602,373768,380585,121,121,0,0,8,61243A50879,97861243A50
1601,272722,238875,121,121,0,0,8,061243A5879,978061243A5
1600,272731,238912,242,242,0,0,8,5061243A879,9785061243A
1599,272762,239080,121,121,0,0,8,A3506124879,978A3506124
1598,272854,239727,121,121,0,0,8,4A350612879,9784A350612
1597,273606,245334,121,121,0,0,8,24A35061879,97824A35061
1596,278356,285159,121,121,0,0,8,124A3506879,978124A3506
1595,373767,380584,121,121,0,0,8,6124A350879,9786124A350
1594,272721,238874,121,121,0,0,8,06124A35879,97806124A35
1593,272730,238911,121,121,0,0,8,506124A3879,978506124A3
1592,272761,239087,242,242,0,0,8,3506124A879,9783506124A
1591,272853,239726,121,121,0,0,8,A4350612879,978A4350612
1590,273605,245333,121,121,0,0,8,2A435061879,9782A435061
1589,278355,285158,121,121,0,0,8,12A43506879,97812A43506
1588,373766,380583,121,121,0,0,8,612A4350879,978612A4350
1587,272720,238873,121,121,0,0,8,0612A435879,9780612A435
1586,272729,238910,121,121,0,0,8,50612A43879,97850612A43
1585,272760,239086,121,121,0,0,8,350612A4879,978350612A4
1584,272852,239733,242,242,0,0,8,4350612A879,9784350612A
1583,273604,245332,121,121,0,0,8,A2435061879,978A2435061
1582,278354,285157,121,121,0,0,8,1A243506879,9781A243506
1581,373765,380582,121,121,0,0,8,61A24350879,97861A24350
1580,272719,238872,121,121,0,0,8,061A2435879,978061A2435
1579,272728,238909,121,121,0,0,8,5061A243879,9785061A243
1578,272759,239085,121,121,0,0,8,35061A24879,97835061A24
1577,272851,239732,121,121,0,0,8,435061A2879,978435061A2
1576,273603,245339,242,242,0,0,8,2435061A879,9782435061A
1575,278353,285156,121,121,0,0,8,A1243506879,978A1243506
1574,373764,380581,121,121,0,0,8,6A124350879,9786A124350
1573,272718,238871,121,121,0,0,8,06A12435879,97806A12435
1572,272727,238908,121,121,0,0,8,506A1243879,978506A1243
1571,272758,239084,121,121,0,0,8,3506A124879,9783506A124
1570,272850,239731,121,121,0,0,8,43506A12879,97843506A12
1569,273602,245338,121,121,0,0,8,243506A1879,978243506A1
1568,278352,285163,242,242,0,0,8,1243506A879,9781243506A
1567,277648,268073,121,121,0,0,8,A0653124879,978A0653124
1566,277657,268110,121,121,0,0,8,4A065312879,9784A065312
1565,277688,268286,121,121,0,0,8,24A06531879,97824A06531
1564,277828,269207,121,121,0,0,8,124A0653879,978124A0653
1563,278224,272552,121,121,0,0,8,3124A065879,9783124A065
1562,279358,286161,121,121,0,0,8,53124A06879,97853124A06
1561,374769,381586,121,121,0,0,8,653124A0879,978653124A0
1560,277647,268080,242,242,0,0,8,0653124A879,9780653124A
1559,277656,268109,121,121,0,0,8,A4065312879,978A4065312
1558,277687,268285,121,121,0,0,8,2A406531879,9782A406531
1557,277827,269206,121,121,0,0,8,12A40653879,97812A40653
1556,278223,272551,121,121,0,0,8,312A4065879,978312A4065
1555,279357,286160,121,121,0,0,8,5312A406879,9785312A406
1554,374768,381585,121,121,0,0,8,65312A40879,97865312A40
1553,277646,268079,121,121,0,0,8,065312A4879,978065312A4
1552,277655,268116,242,242,0,0,8,4065312A879,9784065312A
1551,277686,268284,121,121,0,0,8,A2406531879,978A2406531
1550,277826,269205,121,121,0,0,8,1A240653879,9781A240653
1549,278222,272550,121,121,0,0,8,31A24065879,97831A24065
1548,279356,286159,121,121,0,0,8,531A2406879,978531A2406
1547,374767,381584,121,121,0,0,8,6531A240879,9786531A240
1546,277645,268078,121,121,0,0,8,06531A24879,97806531A24
1545,277654,268115,121,121,0,0,8,406531A2879,978406531A2
1544,277685,268291,242,242,0,0,8,2406531A879,9782406531A
1543,277825,269204,121,121,0,0,8,A1240653879,978A1240653
1542,278221,272549,121,121,0,0,8,3A124065879,9783A124065
1541,279355,286158,121,121,0,0,8,53A12406879,97853A12406
1540,374766,381583,121,121,0,0,8,653A1240879,978653A1240
1539,277644,268077,121,121,0,0,8,0653A124879,9780653A124
1538,277653,268114,121,121,0,0,8,40653A12879,97840653A12
1537,277684,268290,121,121,0,0,8,240653A1879,978240653A1
1536,277824,269211,242,242,0,0,8,1240653A879,9781240653A
1535,278220,272548,121,121,0,0,8,A3124065879,978A3124065
1534,279354,286157,121,121,0,0,8,5A312406879,9785A312406
1533,374765,381582,121,121,0,0,8,65A31240879,97865A31240
1532,277643,268076,121,121,0,0,8,065A3124879,978065A3124
1531,277652,268113,121,121,0,0,8,4065A312879,9784065A312
1530,277683,268289,121,121,0,0,8,24065A31879,97824065A31
1529,277823,269210,121,121,0,0,8,124065A3879,978124065A3
1528,278219,272555,242,242,0,0,8,3124065A879,9783124065A
1527,279353,286156,121,121,0,0,8,A5312406879,978A5312406
1526,374764,381581,121,121,0,0,8,6A531240879,9786A531240
1525,277642,268075,121,121,0,0,8,06A53124879,97806A53124
1524,277651,268112,121,121,0,0,8,406A5312879,978406A5312
1523,277682,268288,121,121,0,0,8,2406A531879,9782406A531
1522,277822,269209,121,121,0,0,8,12406A53879,97812406A53
1521,278218,272554,121,121,0,0,8,312406A5879,978312406A5
1520,279352,286163,242,242,0,0,8,5312406A879,9785312406A
1519,374771,381580,121,121,0,0,8,A6531240879,978A6531240
1518,277649,268074,121,121,0,0,8,0A653124879,9780A653124
1517,277658,268111,121,121,0,0,8,40A65312879,97840A65312
1516,277689,268287,121,121,0,0,8,240A6531879,978240A6531
1515,277829,269208,121,121,0,0,8,1240A653879,9781240A653
1514,278225,272553,121,121,0,0,8,31240A65879,97831240A65
1513,279359,286162,121,121,0,0,8,531240A6879,978531240A6
1512,374770,381587,242,242,0,0,8,6531240A879,9786531240A
1511,177502,143751,121,121,0,0,8,A0412653879,978A0412653
1510,177511,143788,121,121,0,0,8,3A041265879,9783A041265
1509,177531,143909,121,121,0,0,8,53A04126879,97853A04126
1508,177589,144374,121,121,0,0,8,653A0412879,978653A0412
1507,178335,149943,121,121,0,0,8,2653A041879,9782653A041
1506,183105,189932,121,121,0,0,8,12653A04879,97812653A04
1505,360188,378345,121,121,0,0,8,412653A0879,978412653A0
1504,177501,143758,242,242,0,0,8,0412653A879,9780412653A
1503,177510,143787,121,121,0,0,8,A3041265879,978A3041265
1502,177530,143908,121,121,0,0,8,5A304126879,9785A304126
1501,177588,144373,121,121,0,0,8,65A30412879,97865A30412
1500,178334,149942,121,121,0,0,8,265A3041879,978265A3041
1499,183104,189931,121,121,0,0,8,1265A304879,9781265A304
1498,360187,378344,121,121,0,0,8,41265A30879,97841265A30
1497,177500,143757,121,121,0,0,8,041265A3879,978041265A3
1496,177509,143794,242,242,0,0,8,3041265A879,9783041265A
1495,177529,143907,121,121,0,0,8,A5304126879,978A5304126
1494,177587,144372,121,121,0,0,8,6A530412879,9786A530412
1493,178333,149941,121,121,0,0,8,26A53041879,97826A53041
1492,183103,189930,121,121,0,0,8,126A5304879,978126A5304
1491,360186,378343,121,121,0,0,8,4126A530879,9784126A530
1490,177499,143756,121,121,0,0,8,04126A53879,97804126A53
1489,177508,143793,121,121,0,0,8,304126A5879,978304126A5
1488,177528,143914,242,242,0,0,8,5304126A879,9785304126A
1487,177586,144371,121,121,0,0,8,A6530412879,978A6530412
1486,178332,149940,121,121,0,0,8,2A653041879,9782A653041
1485,183102,189929,121,121,0,0,8,12A65304879,97812A65304
1484,360185,378342,121,121,0,0,8,412A6530879,978412A6530
1483,177498,143755,121,121,0,0,8,0412A653879,9780412A653
1482,177507,143792,121,121,0,0,8,30412A65879,97830412A65
1481,177527,143913,121,121,0,0,8,530412A6879,978530412A6
1480,177585,144378,242,242,0,0,8,6530412A879,9786530412A
1479,178331,149939,121,121,0,0,8,A2653041879,978A2653041
1478,183101,189928,121,121,0,0,8,1A265304879,9781A265304
1477,360184,378341,121,121,0,0,8,41A26530879,97841A26530
1476,177497,143754,121,121,0,0,8,041A2653879,978041A2653
1475,177506,143791,121,121,0,0,8,3041A265879,9783041A265
1474,177526,143912,121,121,0,0,8,53041A26879,97853041A26
1473,177584,144377,121,121,0,0,8,653041A2879,978653041A2
1472,178330,149946,242,242,0,0,8,2653041A879,9782653041A
1471,183100,189927,121,121,0,0,8,A1265304879,978A1265304
1470,360183,378340,121,121,0,0,8,4A126530879,9784A126530
1469,177496,143753,121,121,0,0,8,04A12653879,97804A12653
1468,177505,143790,121,121,0,0,8,304A1265879,978304A1265
1467,177525,143911,121,121,0,0,8,5304A126879,9785304A126
1466,177583,144376,121,121,0,0,8,65304A12879,97865304A12
1465,178329,149945,121,121,0,0,8,265304A1879,978265304A1
1464,183099,189934,242,242,0,0,8,1265304A879,9781265304A
1463,360190,378339,121,121,0,0,8,A4126530879,978A4126530
1462,177503,143752,121,121,0,0,8,0A412653879,9780A412653
1461,177512,143789,121,121,0,0,8,30A41265879,97830A41265
1460,177532,143910,121,121,0,0,8,530A4126879,978530A4126
1459,177590,144375,121,121,0,0,8,6530A412879,9786530A412
1458,178336,149944,121,121,0,0,8,26530A41879,97826530A41
1457,183106,189933,121,121,0,0,8,126530A4879,978126530A4
1456,360189,378346,242,242,0,0,8,4126530A879,9784126530A
1455,268373,148027,59268,59268,0,0,8,8563A041729,9278563A041
1454,373192,178712,106672,106672,0,0,8,18563A04729,92718563A04
1453,373203,295553,247873,247873,0,0,8,418563A0729,927418563A0
1452,373223,149584,154124,154124,0,0,8,0418563A729,9270418563A
1451,373224,149577,154003,154003,0,0,8,A0418563729,927A0418563
1450,373679,149594,141719,141791,6,0,9,23A04185679,9723A041856
1449,374813,149654,105425,105485,5,0,9,623A0418579,97623A04185
1448,381629,150052,58578,58626,4,0,9,5623A041879,975623A0418
1447,266338,183212,198923,198947,2,0,9,815623A0479,97815623A04
1446,373294,312584,206771,206783,1,0,9,4815623A079,974815623A0
1445,373305,184772,197324,197324,0,0,8,04815623A79,A9704815623
1444,373306,184782,196900,196984,-1,-1,9,A3048156279,97A30481562
1443,373462,184811,54086,54158,6,0,9,2A304815679,972A3048156
1442,373690,184871,101416,101476,5,0,9,62A30481579,9762A304815
1441,374824,185269,105776,105824,4,0,9,562A3048179,97562A30481
1440,381640,190039,198596,198632,3,0,9,1562A304879,971562A3048
1439,268375,330739,165047,165059,1,0,9,841562A3079,97841562A30
1438,373194,138751,205717,205717,0,0,8,3841562A709,9073841562A
1437,373195,138744,205596,205596,0,0,8,A3841562709,907A3841562
1436,373206,60273,353119,353119,0,0,8,2A384156709,9072A384156
1435,373226,247654,254889,254889,0,0,8,62A38415709,90762A38415
1434,373681,219695,246517,246601,7,0,9,0562A384179,970562A3841
1433,374815,219706,205863,205935,6,0,9,10562A38479,9710562A384
1432,381631,219726,164466,164526,5,0,9,410562A3879,97410562A38
1431,266340,220156,292724,292760,3,0,9,83410562A79,9783410562A
1430,266341,220157,292724,292748,2,0,9,A8341056279,97A83410562
1429,373297,223165,306894,306906,1,0,9,2A834105679,972A8341056
1428,373308,325317,292312,292312,0,0,8,52A83410769,96752A83410
1427,373464,203796,152429,152429,0,0,8,052A8341769,967052A8341
1426,373692,203833,195835,195835,0,0,8,1052A834769,9671052A834
1425,374826,203946,204676,204760,7,0,9,641052A8379,97641052A83
1424,381642,204514,292264,292336,6,0,9,3641052A879,973641052A8
1423,266334,203386,292264,292312,4,0,9,8A364105279,978A3641052
1422,373298,227186,306434,306470,3,0,9,28A36410579,9728A364105
1421,373309,315710,291852,291876,2,0,9,528A3641079,97528A36410
1420,373465,203861,152090,152102,1,0,9,0528A364179,970528A3641
1419,373693,203883,195399,195399,0,0,8,40528A36719,91740528A36
1418,374827,203913,204434,204434,0,0,8,640528A3719,917640528A3
1417,381643,204424,291925,292009,7,0,9,13640528A79,9713640528A
1416,381644,204425,291925,291997,6,0,9,A1364052879,97A13640528
1415,268371,230949,321137,321185,4,0,9,82A13640579,9782A136405
1414,373198,319473,305901,305937,3,0,9,582A1364079,97582A13640
1413,373209,233004,139770,139794,2,0,9,0582A136479,970582A1364
1412,373229,233015,52246,52258,1,0,9,40582A13679,9740582A136
1411,373684,233192,351642,351642,0,0,8,340582A1769,967340582A1
1410,374818,234063,305853,305853,0,0,8,1340582A769,9671340582A
1409,374819,234056,305732,305732,0,0,8,A1340582769,967A1340582
1408,381635,238471,320653,320653,0,0,8,2A134058769,9672A134058
1407,266336,333812,51252,51324,6,0,9,8652A134079,978652A1340
1406,373300,372830,102677,102737,5,0,9,08652A13479,9708652A134
1405,373311,372841,98777,98825,4,0,9,408652A1379,97408652A13
1404,373467,372870,252734,252770,3,0,9,3408652A179,973408652A1
1403,373695,372998,290811,290835,2,0,9,13408652A79,9713408652A
1402,373696,372999,290811,290823,1,0,9,A1340865279,97A13408652
1401,374830,374147,304981,304981,0,0,8,5A134086729,9275A134086
1400,381646,377098,51010,51010,0,0,8,65A13408729,92765A13408
1399,130736,102363,121,121,0,0,8,A5032146879,978A5032146
1398,130754,102472,121,121,0,0,8,6A503214879,9786A503214
1397,130898,103415,121,121,0,0,8,46A50321879,97846A50321
1396,131630,108888,121,121,0,0,8,146A5032879,978146A5032
1395,135496,142323,121,121,0,0,8,2146A503879,9782146A503
1394,353547,377394,121,121,0,0,8,32146A50879,97832146A50
1393,130726,102333,121,121,0,0,8,032146A5879,978032146A5
1392,130735,102370,242,242,0,0,8,5032146A879,9785032146A
1391,130753,102471,121,121,0,0,8,A6503214879,978A6503214
1390,130897,103414,121,121,0,0,8,4A650321879,9784A650321
1389,131629,108887,121,121,0,0,8,14A65032879,97814A65032
1388,135495,142322,121,121,0,0,8,214A6503879,978214A6503
1387,353546,377393,121,121,0,0,8,3214A650879,9783214A650
1386,130725,102332,121,121,0,0,8,03214A65879,97803214A65
1385,130734,102369,121,121,0,0,8,503214A6879,978503214A6
1384,130752,102478,242,242,0,0,8,6503214A879,9786503214A
1383,130896,103413,121,121,0,0,8,A4650321879,978A4650321
1382,131628,108886,121,121,0,0,8,1A465032879,9781A465032
1381,135494,142321,121,121,0,0,8,21A46503879,97821A46503
1380,353545,377392,121,121,0,0,8,321A4650879,978321A4650
1379,130724,102331,121,121,0,0,8,0321A465879,9780321A465
1378,130733,102368,121,121,0,0,8,50321A46879,97850321A46
1377,130751,102477,121,121,0,0,8,650321A4879,978650321A4
1376,130895,103420,242,242,0,0,8,4650321A879,9784650321A
1375,131627,108885,121,121,0,0,8,A1465032879,978A1465032
1374,135493,142320,121,121,0,0,8,2A146503879,9782A146503
1373,353544,377391,121,121,0,0,8,32A14650879,97832A14650
1372,130723,102330,121,121,0,0,8,032A1465879,978032A1465
1371,130732,102367,121,121,0,0,8,5032A146879,9785032A146
1370,130750,102476,121,121,0,0,8,65032A14879,97865032A14
1369,130894,103419,121,121,0,0,8,465032A1879,978465032A1
1368,131626,108892,242,242,0,0,8,1465032A879,9781465032A
1367,135492,142319,121,121,0,0,8,A2146503879,978A2146503
1366,353543,377390,121,121,0,0,8,3A214650879,9783A214650
1365,130722,102329,121,121,0,0,8,03A21465879,97803A21465
1364,130731,102366,121,121,0,0,8,503A2146879,978503A2146
1363,130749,102475,121,121,0,0,8,6503A214879,9786503A214
1362,130893,103418,121,121,0,0,8,46503A21879,97846503A21
1361,131625,108891,121,121,0,0,8,146503A2879,978146503A2
1360,135491,142326,242,242,0,0,8,2146503A879,9782146503A
1359,353550,377389,121,121,0,0,8,A3214650879,978A3214650
1358,130729,102328,121,121,0,0,8,0A321465879,9780A321465
1357,130738,102365,121,121,0,0,8,50A32146879,97850A32146
1356,130756,102474,121,121,0,0,8,650A3214879,978650A3214
1355,130900,103417,121,121,0,0,8,4650A321879,9784650A321
1354,131632,108890,121,121,0,0,8,14650A32879,97814650A32
1353,135498,142325,121,121,0,0,8,214650A3879,978214650A3
1352,353549,377396,242,242,0,0,8,3214650A879,9783214650A
1351,130728,102327,121,121,0,0,8,A0321465879,978A0321465
1350,130737,102364,121,121,0,0,8,5A032146879,9785A032146
1349,130755,102473,121,121,0,0,8,65A03214879,97865A03214
1348,130899,103416,121,121,0,0,8,465A0321879,978465A0321
1347,131631,108889,121,121,0,0,8,1465A032879,9781465A032
1346,135497,142324,121,121,0,0,8,21465A03879,97821465A03
1345,353548,377395,121,121,0,0,8,321465A0879,978321465A0
1344,130727,102326,121,121,0,0,8,80321465A79,97A80321465
1343,373469,103063,344700,344736,3,0,9,A5648032179,97A56480321
1342,373697,106903,41861,41885,2,0,9,1A564803279,971A5648032
1341,374831,130783,43605,43617,1,0,9,21A56480379,9721A564803
1340,381647,50426,124228,124228,0,0,8,021A5648739,937021A5648
1339,268374,50446,266502,266502,0,0,8,84021A56739,93784021A56
1338,373193,50577,25616,25616,0,0,8,684021A5739,937684021A5
1337,373204,52196,14866,14950,7,0,9,35684021A79,9735684021A
1336,373205,52197,14866,14938,6,0,9,A3568402179,97A35684021
1335,373225,81857,361285,361345,5,0,9,1A356840279,971A3568402
1334,373680,293165,32904,32952,4,0,9,21A35684079,9721A356840
1333,374814,47948,24502,24538,3,0,9,021A3568479,97021A35684
1332,381630,47959,266163,266187,2,0,9,4021A356879,974021A3568
1331,266339,48465,155048,155048,0,0,8,854021A3769,967854021A3
1330,373295,52832,59488,59488,0,0,8,3854021A769,9673854021A
1329,373296,52825,59052,59052,0,0,8,A3854021769,967A3854021
1328,373307,86365,57465,57537,6,0,9,61A38540279,9761A385402
1327,373463,297673,377034,377094,5,0,9,261A3854079,97261A38540
1326,373691,75074,23860,23908,4,0,9,0261A385479,970261A3854
1325,374825,75085,24732,24768,3,0,9,40261A38579,9740261A385
1324,381641,75105,154600,154624,2,0,9,540261A3879,97540261A38
1323,268376,75785,248743,248743,0,0,8,83540261A79,A9783540261
1322,268377,79664,248004,248088,-1,-1,9,A1835402679,97A18354026
1321,373196,86504,59536,59608,6,0,9,6A183540279,976A1835402
1320,373207,297812,49852,49912,5,0,9,26A18354079,9726A183540
1319,373227,75853,343223,343271,4,0,9,026A1835479,97026A18354
1318,373682,75864,13970,14006,3,0,9,4026A183579,974026A1835
1317,374816,75884,58834,58858,2,0,9,54026A18379,9754026A183
1316,381632,76024,248416,248428,1,0,9,354026A1879,97354026A18
1315,268370,80404,247907,247979,6,0,9,8A135402679,978A1354026
1314,373197,87244,59439,59499,5,0,9,68A13540279,9768A135402
1313,373208,298552,49755,49803,4,0,9,268A1354079,97268A13540
1312,373228,80643,343126,343162,3,0,9,0268A135479,970268A1354
1311,373683,80654,13873,13897,2,0,9,40268A13579,9740268A135
1310,374817,80674,58422,58434,1,0,9,540268A1379,97540268A13
1309,381633,81614,247786,247786,0,0,8,1540268A739,9371540268A
1308,381634,81607,247665,247665,0,0,8,A1540268739,937A1540268
1307,268372,333153,142354,142402,4,0,9,8623A154079,978623A1540
1306,373199,369476,188353,188389,3,0,9,08623A15479,9708623A154
1305,373210,369487,346025,346049,2,0,9,408623A1579,97408623A15
1304,373230,369507,243241,243253,1,0,9,5408623A179,975408623A1
1303,373685,369641,230388,230388,0,0,8,15408623A79,A9715408623
1302,373686,370204,230049,230049,0,0,8,3154086279A,97A31540862
1301,374820,374050,188959,189055,8,0,9,2931540867A,A7293154086
1300,381636,380866,142112,142196,7,0,9,6293154087A,A7629315408
1299,266337,246727,286381,286473,7,8,10,80A62931547,780A6293154
1298,373301,246749,297935,298026,7,7,10,480A6293157,7480A629315
1297,373312,246811,285315,285405,7,6,10,5480A629317,75480A62931
1296,373468,247387,131286,131375,7,5,10,15480A62937,715480A6293
1295,374828,304720,284341,284413,6,0,9,36215480A79,9736215480A
1294,374829,304721,284341,284401,5,0,9,A3621548079,97A36215480
1293,381645,124032,10653,10701,4,0,9,0A362154879,970A3621548
1292,266335,124023,10653,10689,3,0,9,80A36215479,9780A362154
1291,373299,124041,62950,62974,2,0,9,480A3621579,97480A36215
1290,373310,124520,61133,61133,0,0,8,1480A362579,9751480A362
1289,373466,128054,227734,227830,8,0,9,521480A3679,97521480A36
1288,373694,134864,273005,273089,7,0,9,6521480A379,976521480A3
1287,182656,174165,121,121,0,0,8,A3046521879,978A3046521
1286,182687,174341,121,121,0,0,8,1A304652879,9781A304652
1285,182787,175042,121,121,0,0,8,21A30465879,97821A30465
1284,183015,177323,121,121,0,0,8,521A3046879,978521A3046
1283,184153,190980,121,121,0,0,8,6521A304879,9786521A304
1282,361236,379393,121,121,0,0,8,46521A30879,97846521A30
1281,182646,174135,121,121,0,0,8,046521A3879,978046521A3
1280,182655,174172,242,242,0,0,8,3046521A879,9783046521A
1279,182686,174340,121,121,0,0,8,A1304652879,978A1304652
1278,182786,175041,121,121,0,0,8,2A130465879,9782A130465
1277,183014,177322,121,121,0,0,8,52A13046879,97852A13046
1276,184152,190979,121,121,0,0,8,652A1304879,978652A1304
1275,361235,379392,121,121,0,0,8,4652A130879,9784652A130
1274,182645,174134,121,121,0,0,8,04652A13879,97804652A13
1273,182654,174171,121,121,0,0,8,304652A1879,978304652A1
1272,182685,174347,242,242,0,0,8,1304652A879,9781304652A
1271,182785,175040,121,121,0,0,8,A2130465879,978A2130465
1270,183013,177321,121,121,0,0,8,5A213046879,9785A213046
1269,184151,190978,121,121,0,0,8,65A21304879,97865A21304
1268,361234,379391,121,121,0,0,8,465A2130879,978465A2130
1267,182644,174133,121,121,0,0,8,0465A213879,9780465A213
1266,182653,174170,121,121,0,0,8,30465A21879,97830465A21
1265,182684,174346,121,121,0,0,8,130465A2879,978130465A2
1264,182784,175047,242,242,0,0,8,2130465A879,9782130465A
1263,183012,177320,121,121,0,0,8,A5213046879,978A5213046
1262,184150,190977,121,121,0,0,8,6A521304879,9786A521304
1261,361233,379390,121,121,0,0,8,46A52130879,97846A52130
1260,182643,174132,121,121,0,0,8,046A5213879,978046A5213
1259,182652,174169,121,121,0,0,8,3046A521879,9783046A521
1258,182683,174345,121,121,0,0,8,13046A52879,97813046A52
1257,182783,175046,121,121,0,0,8,213046A5879,978213046A5
1256,183011,177327,242,242,0,0,8,5213046A879,9785213046A
1255,184149,190976,121,121,0,0,8,A6521304879,978A6521304
1254,361232,379389,121,121,0,0,8,4A652130879,9784A652130
1253,182642,174131,121,121,0,0,8,04A65213879,97804A65213
1252,182651,174168,121,121,0,0,8,304A6521879,978304A6521
1251,182682,174344,121,121,0,0,8,1304A652879,9781304A652
1250,182782,175045,121,121,0,0,8,21304A65879,97821304A65
1249,183010,177326,121,121,0,0,8,521304A6879,978521304A6
1248,184148,190983,242,242,0,0,8,6521304A879,9786521304A
1247,361239,379388,121,121,0,0,8,A4652130879,978A4652130
1246,182649,174130,121,121,0,0,8,0A465213879,9780A465213
1245,182658,174167,121,121,0,0,8,30A46521879,97830A46521
1244,182689,174343,121,121,0,0,8,130A4652879,978130A4652
1243,182789,175044,121,121,0,0,8,2130A465879,9782130A465
1242,183017,177325,121,121,0,0,8,52130A46879,97852130A46
1241,184155,190982,121,121,0,0,8,652130A4879,978652130A4
1240,361238,379395,242,242,0,0,8,4652130A879,9784652130A
1239,182648,174129,121,121,0,0,8,A0465213879,978A0465213
1238,182657,174166,121,121,0,0,8,3A046521879,9783A046521
1237,182688,174342,121,121,0,0,8,13A04652879,97813A04652
1236,182788,175043,121,121,0,0,8,213A0465879,978213A0465
1235,183016,177324,121,121,0,0,8,5213A046879,9785213A046
1234,184154,190981,121,121,0,0,8,65213A04879,97865213A04
1233,361237,379394,121,121,0,0,8,465213A0879,978465213A0
1232,182647,174136,242,242,0,0,8,0465213A879,9780465213A
1231,182945,177253,121,121,0,0,8,A3152046879,978A3152046
1230,184083,190910,121,121,0,0,8,6A315204879,9786A315204
1229,361166,379323,121,121,0,0,8,46A31520879,97846A31520
1228,182377,172826,121,121,0,0,8,046A3152879,978046A3152
1227,182386,172863,121,121,0,0,8,2046A315879,9782046A315
1226,182404,172972,121,121,0,0,8,52046A31879,97852046A31
1225,182536,173839,121,121,0,0,8,152046A3879,978152046A3
1224,182944,177260,242,242,0,0,8,3152046A879,9783152046A
1223,184082,190909,121,121,0,0,8,A6315204879,978A6315204
1222,361165,379322,121,121,0,0,8,4A631520879,9784A631520
1221,182376,172825,121,121,0,0,8,04A63152879,97804A63152
1220,182385,172862,121,121,0,0,8,204A6315879,978204A6315
1219,182403,172971,121,121,0,0,8,5204A631879,9785204A631
1218,182535,173838,121,121,0,0,8,15204A63879,97815204A63
1217,182943,177259,121,121,0,0,8,315204A6879,978315204A6
1216,184081,190916,242,242,0,0,8,6315204A879,9786315204A
1215,361172,379321,121,121,0,0,8,A4631520879,978A4631520
1214,182383,172824,121,121,0,0,8,0A463152879,9780A463152
1213,182392,172861,121,121,0,0,8,20A46315879,97820A46315
1212,182410,172970,121,121,0,0,8,520A4631879,978520A4631
1211,182542,173837,121,121,0,0,8,1520A463879,9781520A463
1210,182950,177258,121,121,0,0,8,31520A46879,97831520A46
1209,184088,190915,121,121,0,0,8,631520A4879,978631520A4
1208,361171,379328,242,242,0,0,8,4631520A879,9784631520A
1207,182382,172823,121,121,0,0,8,A0463152879,978A0463152
1206,182391,172860,121,121,0,0,8,2A046315879,9782A046315
1205,182409,172969,121,121,0,0,8,52A04631879,97852A04631
1204,182541,173836,121,121,0,0,8,152A0463879,978152A0463
1203,182949,177257,121,121,0,0,8,3152A046879,9783152A046
1202,184087,190914,121,121,0,0,8,63152A04879,97863152A04
1201,361170,379327,121,121,0,0,8,463152A0879,978463152A0
1200,182381,172830,242,242,0,0,8,0463152A879,9780463152A
1199,182390,172859,121,121,0,0,8,A2046315879,978A2046315
1198,182408,172968,121,121,0,0,8,5A204631879,9785A204631
1197,182540,173835,121,121,0,0,8,15A20463879,97815A20463
1196,182948,177256,121,121,0,0,8,315A2046879,978315A2046
1195,184086,190913,121,121,0,0,8,6315A204879,9786315A204
1194,361169,379326,121,121,0,0,8,46315A20879,97846315A20
1193,182380,172829,121,121,0,0,8,046315A2879,978046315A2
1192,182389,172866,242,242,0,0,8,2046315A879,9782046315A
1191,182407,172967,121,121,0,0,8,A5204631879,978A5204631
1190,182539,173834,121,121,0,0,8,1A520463879,9781A520463
1189,182947,177255,121,121,0,0,8,31A52046879,97831A52046
1188,184085,190912,121,121,0,0,8,631A5204879,978631A5204
1187,361168,379325,121,121,0,0,8,4631A520879,9784631A520
1186,182379,172828,121,121,0,0,8,04631A52879,97804631A52
1185,182388,172865,121,121,0,0,8,204631A5879,978204631A5
1184,182406,172974,242,242,0,0,8,5204631A879,9785204631A
1183,182538,173833,121,121,0,0,8,A1520463879,978A1520463
1182,182946,177254,121,121,0,0,8,3A152046879,9783A152046
1181,184084,190911,121,121,0,0,8,63A15204879,97863A15204
1180,361167,379324,121,121,0,0,8,463A1520879,978463A1520
1179,182378,172827,121,121,0,0,8,0463A152879,9780463A152
1178,182387,172864,121,121,0,0,8,20463A15879,97820463A15
1177,182405,172973,121,121,0,0,8,520463A1879,978520463A1
1176,182537,173840,242,242,0,0,8,1520463A879,9781520463A
1175,37622,21228,121,121,0,0,8,86340152A79,97A86340152
1174,37621,25108,968,968,0,0,8,28634015A79,97A28634015
1173,37620,37628,847,847,0,0,8,52863401A79,97A52863401
1172,37627,289880,726,726,0,0,8,15286340A79,97A15286340
1171,37626,21368,605,605,0,0,8,01528634A79,97A01528634
1170,37625,21377,484,484,0,0,8,40152863A79,97A40152863
1169,37624,21408,363,363,0,0,8,34015286A79,97A34015286
1168,37623,21468,242,242,0,0,8,63401528A79,97A63401528
1167,38361,25848,121,121,0,0,8,82634015A79,97A82634015
1166,38360,38368,968,968,0,0,8,58263401A79,97A58263401
1165,38367,290620,847,847,0,0,8,15826340A79,97A15826340
1164,38366,26158,726,726,0,0,8,01582634A79,97A01582634
1163,38365,26167,605,605,0,0,8,40158263A79,97A40158263
1162,38364,26198,484,484,0,0,8,34015826A79,97A34015826
1161,38363,26258,363,363,0,0,8,63401582A79,97A63401582
1160,38362,26998,242,242,0,0,8,26340158A79,97A26340158
1159,40406,40414,121,121,0,0,8,85263401A79,97A85263401
1158,40413,292666,968,968,0,0,8,18526340A79,97A18526340
1157,40412,44332,847,847,0,0,8,01852634A79,97A01852634
1156,40411,44341,726,726,0,0,8,40185263A79,97A40185263
1155,40410,44372,605,605,0,0,8,34018526A79,97A34018526
1154,40409,44432,484,484,0,0,8,63401852A79,97A63401852
1153,40408,45172,363,363,0,0,8,26340185A79,97A26340185
1152,40407,47218,242,242,0,0,8,52634018A79,97A52634018
1151,340376,327892,121,121,0,0,8,81526340A79,97A81526340
1150,340375,337492,968,968,0,0,8,08152634A79,97A08152634
1149,340374,337501,847,847,0,0,8,40815263A79,97A40815263
1148,340373,337532,726,726,0,0,8,34081526A79,97A34081526
1147,340372,337592,605,605,0,0,8,63408152A79,97A63408152
1146,340371,338332,484,484,0,0,8,26340815A79,97A26340815
1145,340370,340378,363,363,0,0,8,52634081A79,97A52634081
1144,340377,375604,242,242,0,0,8,15263408A79,97A15263408
1143,37525,20768,121,121,0,0,8,80152634A79,97A80152634
1142,37524,20786,968,968,0,0,8,48015263A79,97A48015263
1141,37523,20888,847,847,0,0,8,34801526A79,97A34801526
1140,37522,21128,726,726,0,0,8,63480152A79,97A63480152
1139,37521,25008,605,605,0,0,8,26348015A79,97A26348015
1138,37520,37528,484,484,0,0,8,52634801A79,97A52634801
1137,37527,289780,363,363,0,0,8,15263480A79,97A15263480
1136,37526,20777,242,242,0,0,8,01526348A79,97A01526348
1135,37533,20795,121,121,0,0,8,84015263A79,97A84015263
1134,37532,20897,968,968,0,0,8,38401526A79,97A38401526
1133,37531,21137,847,847,0,0,8,63840152A79,97A63840152
1132,37530,25017,726,726,0,0,8,26384015A79,97A26384015
1131,37529,37537,605,605,0,0,8,52638401A79,97A52638401
1130,37536,289789,484,484,0,0,8,15263840A79,97A15263840
1129,37535,20804,363,363,0,0,8,01526384A79,97A01526384
1128,37534,20813,242,242,0,0,8,40152638A79,97A40152638
1127,37563,20928,121,121,0,0,8,83401526A79,97A83401526
1126,37562,21168,968,968,0,0,8,68340152A79,97A68340152
1125,37561,25048,847,847,0,0,8,26834015A79,97A26834015
1124,37560,37568,726,726,0,0,8,52683401A79,97A52683401
1123,37567,289820,605,605,0,0,8,15268340A79,97A15268340
1122,37566,20948,484,484,0,0,8,01526834A79,97A01526834
1121,37565,20957,363,363,0,0,8,40152683A79,97A40152683
1120,37564,20988,242,242,0,0,8,34015268A79,97A34015268
1119,374019,380828,121,121,0,0,8,A6215340879,978A6215340
1118,273929,245986,121,121,0,0,8,0A621534879,9780A621534
1117,273938,246023,121,121,0,0,8,40A62153879,97840A62153
1116,273969,246199,121,121,0,0,8,340A6215879,978340A6215
1115,274025,246648,121,121,0,0,8,5340A621879,9785340A621
1114,274761,252139,121,121,0,0,8,15340A62879,97815340A62
1113,278607,285410,121,121,0,0,8,215340A6879,978215340A6
1112,374018,380835,242,242,0,0,8,6215340A879,9786215340A
1111,273928,245985,121,121,0,0,8,A0621534879,978A0621534
1110,273937,246022,121,121,0,0,8,4A062153879,9784A062153
1109,273968,246198,121,121,0,0,8,34A06215879,97834A06215
1108,274024,246647,121,121,0,0,8,534A0621879,978534A0621
1107,274760,252138,121,121,0,0,8,1534A062879,9781534A062
1106,278606,285409,121,121,0,0,8,21534A06879,97821534A06
1105,374017,380834,121,121,0,0,8,621534A0879,978621534A0
1104,273927,245992,242,242,0,0,8,0621534A879,9780621534A
1103,273936,246021,121,121,0,0,8,A4062153879,978A4062153
1102,273967,246197,121,121,0,0,8,3A406215879,9783A406215
1101,274023,246646,121,121,0,0,8,53A40621879,97853A40621
1100,274759,252137,121,121,0,0,8,153A4062879,978153A4062
1099,278605,285408,121,121,0,0,8,2153A406879,9782153A406
1098,374016,380833,121,121,0,0,8,62153A40879,97862153A40
1097,273926,245991,121,121,0,0,8,062153A4879,978062153A4
1096,273935,246028,242,242,0,0,8,4062153A879,9784062153A
1095,273966,246196,121,121,0,0,8,A3406215879,978A3406215
1094,274022,246645,121,121,0,0,8,5A340621879,9785A340621
1093,274758,252136,121,121,0,0,8,15A34062879,97815A34062
1092,278604,285407,121,121,0,0,8,215A3406879,978215A3406
1091,374015,380832,121,121,0,0,8,6215A340879,9786215A340
1090,273925,245990,121,121,0,0,8,06215A34879,97806215A34
1089,273934,246027,121,121,0,0,8,406215A3879,978406215A3
1088,273965,246203,242,242,0,0,8,3406215A879,9783406215A
1087,274021,246644,121,121,0,0,8,A5340621879,978A5340621
1086,274757,252135,121,121,0,0,8,1A534062879,9781A534062
1085,278603,285406,121,121,0,0,8,21A53406879,97821A53406
1084,374014,380831,121,121,0,0,8,621A5340879,978621A5340
1083,273924,245989,121,121,0,0,8,0621A534879,9780621A534
1082,273933,246026,121,121,0,0,8,40621A53879,97840621A53
1081,273964,246202,121,121,0,0,8,340621A5879,978340621A5
1080,274020,246651,242,242,0,0,8,5340621A879,9785340621A
1079,274756,252134,121,121,0,0,8,A1534062879,978A1534062
1078,278602,285405,121,121,0,0,8,2A153406879,9782A153406
1077,374013,380830,121,121,0,0,8,62A15340879,97862A15340
1076,273923,245988,121,121,0,0,8,062A1534879,978062A1534
1075,273932,246025,121,121,0,0,8,4062A153879,9784062A153
1074,273963,246201,121,121,0,0,8,34062A15879,97834062A15
1073,274019,246650,121,121,0,0,8,534062A1879,978534062A1
1072,274755,252141,242,242,0,0,8,1534062A879,9781534062A
1071,278601,285404,121,121,0,0,8,A2153406879,978A2153406
1070,374012,380829,121,121,0,0,8,6A215340879,9786A215340
1069,273922,245987,121,121,0,0,8,06A21534879,97806A21534
1068,273931,246024,121,121,0,0,8,406A2153879,978406A2153
1067,273962,246200,121,121,0,0,8,3406A215879,9783406A215
1066,274018,246649,121,121,0,0,8,53406A21879,97853406A21
1065,274754,252140,121,121,0,0,8,153406A2879,978153406A2
1064,278600,285411,242,242,0,0,8,2153406A879,9782153406A
1063,276570,261493,121,121,0,0,8,A0643215879,978A0643215
1062,276579,261530,121,121,0,0,8,5A064321879,9785A064321
1061,276610,261706,121,121,0,0,8,15A06432879,97815A06432
1060,276710,262407,121,121,0,0,8,215A0643879,978215A0643
1059,277104,265732,121,121,0,0,8,3215A064879,9783215A064
1058,279150,285953,121,121,0,0,8,43215A06879,97843215A06
1057,374561,381378,121,121,0,0,8,643215A0879,978643215A0
1056,276569,261500,242,242,0,0,8,0643215A879,9780643215A
1055,276578,261529,121,121,0,0,8,A5064321879,978A5064321
1054,276609,261705,121,121,0,0,8,1A506432879,9781A506432
1053,276709,262406,121,121,0,0,8,21A50643879,97821A50643
1052,277103,265731,121,121,0,0,8,321A5064879,978321A5064
1051,279149,285952,121,121,0,0,8,4321A506879,9784321A506
1050,374560,381377,121,121,0,0,8,64321A50879,97864321A50
1049,276568,261499,121,121,0,0,8,064321A5879,978064321A5
1048,276577,261536,242,242,0,0,8,5064321A879,9785064321A
1047,276608,261704,121,121,0,0,8,A1506432879,978A1506432
1046,276708,262405,121,121,0,0,8,2A150643879,9782A150643
1045,277102,265730,121,121,0,0,8,32A15064879,97832A15064
1044,279148,285951,121,121,0,0,8,432A1506879,978432A1506
1043,374559,381376,121,121,0,0,8,6432A150879,9786432A150
1042,276567,261498,121,121,0,0,8,06432A15879,97806432A15
1041,276576,261535,121,121,0,0,8,506432A1879,978506432A1
1040,276607,261711,242,242,0,0,8,1506432A879,9781506432A
1039,276707,262404,121,121,0,0,8,A2150643879,978A2150643
1038,277101,265729,121,121,0,0,8,3A215064879,9783A215064
1037,279147,285950,121,121,0,0,8,43A21506879,97843A21506
1036,374558,381375,121,121,0,0,8,643A2150879,978643A2150
1035,276566,261497,121,121,0,0,8,0643A215879,9780643A215
1034,276575,261534,121,121,0,0,8,50643A21879,97850643A21
1033,276606,261710,121,121,0,0,8,150643A2879,978150643A2
1032,276706,262411,242,242,0,0,8,2150643A879,9782150643A
1031,277100,265728,121,121,0,0,8,A3215064879,978A3215064
1030,279146,285949,121,121,0,0,8,4A321506879,9784A321506
1029,374557,381374,121,121,0,0,8,64A32150879,97864A32150
1028,276565,261496,121,121,0,0,8,064A3215879,978064A3215
1027,276574,261533,121,121,0,0,8,5064A321879,9785064A321
1026,276605,261709,121,121,0,0,8,15064A32879,97815064A32
1025,276705,262410,121,121,0,0,8,215064A3879,978215064A3
1024,277099,265735,242,242,0,0,8,3215064A879,9783215064A
1023,279145,285948,121,121,0,0,8,A4321506879,978A4321506
1022,374556,381373,121,121,0,0,8,6A432150879,9786A432150
1021,276564,261495,121,121,0,0,8,06A43215879,97806A43215
1020,276573,261532,121,121,0,0,8,506A4321879,978506A4321
1019,276604,261708,121,121,0,0,8,1506A432879,9781506A432
1018,276704,262409,121,121,0,0,8,21506A43879,97821506A43
1017,277098,265734,121,121,0,0,8,321506A4879,978321506A4
1016,279144,285955,242,242,0,0,8,4321506A879,9784321506A
1015,374563,381372,121,121,0,0,8,A6432150879,978A6432150
1014,276571,261494,121,121,0,0,8,0A643215879,9780A643215
1013,276580,261531,121,121,0,0,8,50A64321879,97850A64321
1012,276611,261707,121,121,0,0,8,150A6432879,978150A6432
1011,276711,262408,121,121,0,0,8,2150A643879,9782150A643
1010,277105,265733,121,121,0,0,8,32150A64879,97832150A64
1009,279151,285954,121,121,0,0,8,432150A6879,978432150A6
1008,374562,381379,242,242,0,0,8,6432150A879,9786432150A
1007,226313,198374,121,121,0,0,8,80521643A79,97A80521643
1006,226312,198392,968,968,0,0,8,38052164A79,97A38052164
1005,226311,198446,847,847,0,0,8,43805216A79,97A43805216
1004,226310,198668,726,726,0,0,8,64380521A79,97A64380521
1003,226309,202516,605,605,0,0,8,16438052A79,97A16438052
1002,226308,226316,484,484,0,0,8,21643805A79,97A21643805
1001,226315,314840,363,363,0,0,8,52164380A79,97A52164380
1000,226314,198383,242,242,0,0,8,05216438A79,97A05216438
999,226321,198401,121,121,0,0,8,83052164A79,97A83052164
998,226320,198455,968,968,0,0,8,48305216A79,97A48305216
997,226319,198677,847,847,0,0,8,64830521A79,97A64830521
996,226318,202525,726,726,0,0,8,16483052A79,97A16483052
995,226317,226325,605,605,0,0,8,21648305A79,97A21648305
994,226324,314849,484,484,0,0,8,52164830A79,97A52164830
993,226323,198410,363,363,0,0,8,05216483A79,97A05216483
992,226322,198419,242,242,0,0,8,30521648A79,97A30521648
991,226338,198473,121,121,0,0,8,84305216A79,97A84305216
990,226337,198695,968,968,0,0,8,68430521A79,97A68430521
989,226336,202543,847,847,0,0,8,16843052A79,97A16843052
988,226335,226343,726,726,0,0,8,21684305A79,97A21684305
987,226342,314867,605,605,0,0,8,52168430A79,97A52168430
986,226341,198500,484,484,0,0,8,05216843A79,97A05216843
985,226340,198509,363,363,0,0,8,30521684A79,97A30521684
984,226339,198527,242,242,0,0,8,43052168A79,97A43052168
983,226393,198751,121,121,0,0,8,86430521A79,97A86430521
982,226392,202599,968,968,0,0,8,18643052A79,97A18643052
981,226391,226399,847,847,0,0,8,21864305A79,97A21864305
980,226398,314923,726,726,0,0,8,52186430A79,97A52186430
979,226397,198892,605,605,0,0,8,05218643A79,97A05218643
978,226396,198901,484,484,0,0,8,30521864A79,97A30521864
977,226395,198919,363,363,0,0,8,43052186A79,97A43052186
976,226394,198975,242,242,0,0,8,64305218A79,97A64305218
975,227128,203335,121,121,0,0,8,81643052A79,97A81643052
974,227127,227135,968,968,0,0,8,28164305A79,97A28164305
973,227134,315659,847,847,0,0,8,52816430A79,97A52816430
972,227133,203646,726,726,0,0,8,05281643A79,97A05281643
971,227132,203655,605,605,0,0,8,30528164A79,97A30528164
970,227131,203673,484,484,0,0,8,43052816A79,97A43052816
969,227130,203729,363,363,0,0,8,64305281A79,97A64305281
968,227129,204465,242,242,0,0,8,16430528A79,97A16430528
967,230981,230989,121,121,0,0,8,82164305A79,97A82164305
966,230988,319513,968,968,0,0,8,58216430A79,97A58216430
965,230987,233120,847,847,0,0,8,05821643A79,97A05821643
964,230986,233129,726,726,0,0,8,30582164A79,97A30582164
963,230985,233147,605,605,0,0,8,43058216A79,97A43058216
962,230984,233203,484,484,0,0,8,64305821A79,97A64305821
961,230983,233939,363,363,0,0,8,16430582A79,97A16430582
960,230982,237793,242,242,0,0,8,21643058A79,97A21643058
959,367223,331999,121,121,0,0,8,85216430A79,97A85216430
958,367222,362552,968,968,0,0,8,08521643A79,97A08521643
957,367221,362561,847,847,0,0,8,30852164A79,97A30852164
956,367220,362579,726,726,0,0,8,43085216A79,97A43085216
955,367219,362635,605,605,0,0,8,64308521A79,97A64308521
954,367218,363371,484,484,0,0,8,16430852A79,97A16430852
953,367217,367225,363,363,0,0,8,21643085A79,97A21643085
952,367224,379711,242,242,0,0,8,52164308A79,97A52164308
951,130324,99099,121,121,0,0,8,A0316452879,978A0316452
950,130333,99136,121,121,0,0,8,2A031645879,9782A031645
949,130353,99257,121,121,0,0,8,52A03164879,97852A03164
948,130453,99958,121,121,0,0,8,452A0316879,978452A0316
947,130681,102239,121,121,0,0,8,6452A031879,9786452A031
946,135459,142286,121,121,0,0,8,16452A03879,97816452A03
945,353510,377357,121,121,0,0,8,316452A0879,978316452A0
944,130323,99106,242,242,0,0,8,0316452A879,9780316452A
943,130332,99135,121,121,0,0,8,A2031645879,978A2031645
942,130352,99256,121,121,0,0,8,5A203164879,9785A203164
941,130452,99957,121,121,0,0,8,45A20316879,97845A20316
940,130680,102238,121,121,0,0,8,645A2031879,978645A2031
939,135458,142285,121,121,0,0,8,1645A203879,9781645A203
938,353509,377356,121,121,0,0,8,31645A20879,97831645A20
937,130322,99105,121,121,0,0,8,031645A2879,978031645A2
936,130331,99142,242,242,0,0,8,2031645A879,9782031645A
935,130351,99255,121,121,0,0,8,A5203164879,978A5203164
934,130451,99956,121,121,0,0,8,4A520316879,9784A520316
933,130679,102237,121,121,0,0,8,64A52031879,97864A52031
932,135457,142284,121,121,0,0,8,164A5203879,978164A5203
931,353508,377355,121,121,0,0,8,3164A520879,9783164A520
930,130321,99104,121,121,0,0,8,03164A52879,97803164A52
929,130330,99141,121,121,0,0,8,203164A5879,978203164A5
928,130350,99262,242,242,0,0,8,5203164A879,9785203164A
927,130450,99955,121,121,0,0,8,A4520316879,978A4520316
926,130678,102236,121,121,0,0,8,6A452031879,9786A452031
925,135456,142283,121,121,0,0,8,16A45203879,97816A45203
924,353507,377354,121,121,0,0,8,316A4520879,978316A4520
923,130320,99103,121,121,0,0,8,0316A452879,9780316A452
922,130329,99140,121,121,0,0,8,20316A45879,97820316A45
921,130349,99261,121,121,0,0,8,520316A4879,978520316A4
920,130449,99962,242,242,0,0,8,4520316A879,9784520316A
919,130677,102235,121,121,0,0,8,A6452031879,978A6452031
918,135455,142282,121,121,0,0,8,1A645203879,9781A645203
917,353506,377353,121,121,0,0,8,31A64520879,97831A64520
916,130319,99102,121,121,0,0,8,031A6452879,978031A6452
915,130328,99139,121,121,0,0,8,2031A645879,9782031A645
914,130348,99260,121,121,0,0,8,52031A64879,97852031A64
913,130448,99961,121,121,0,0,8,452031A6879,978452031A6
912,130676,102242,242,242,0,0,8,6452031A879,9786452031A
911,135454,142281,121,121,0,0,8,A1645203879,978A1645203
910,353505,377352,121,121,0,0,8,3A164520879,9783A164520
909,130318,99101,121,121,0,0,8,03A16452879,97803A16452
908,130327,99138,121,121,0,0,8,203A1645879,978203A1645
907,130347,99259,121,121,0,0,8,5203A164879,9785203A164
906,130447,99960,121,121,0,0,8,45203A16879,97845203A16
905,130675,102241,121,121,0,0,8,645203A1879,978645203A1
904,135453,142288,242,242,0,0,8,1645203A879,9781645203A
903,353512,377351,121,121,0,0,8,A3164520879,978A3164520
902,130325,99100,121,121,0,0,8,0A316452879,9780A316452
901,130334,99137,121,121,0,0,8,20A31645879,97820A31645
900,130354,99258,121,121,0,0,8,520A3164879,978520A3164
899,130454,99959,121,121,0,0,8,4520A316879,9784520A316
898,130682,102240,121,121,0,0,8,64520A31879,97864520A31
897,135460,142287,121,121,0,0,8,164520A3879,978164520A3
896,353511,377358,242,242,0,0,8,3164520A879,9783164520A
895,84544,63693,121,121,0,0,8,A0245316879,978A0245316
894,84553,63730,121,121,0,0,8,6A024531879,9786A024531
893,84584,63906,121,121,0,0,8,16A02453879,97816A02453
892,84682,64591,121,121,0,0,8,316A0245879,978316A0245
891,85078,67936,121,121,0,0,8,5316A024879,9785316A024
890,88048,94875,121,121,0,0,8,45316A02879,97845316A02
889,347067,376604,121,121,0,0,8,245316A0879,978245316A0
888,84543,63700,242,242,0,0,8,0245316A879,9780245316A
887,84552,63729,121,121,0,0,8,A6024531879,978A6024531
886,84583,63905,121,121,0,0,8,1A602453879,9781A602453
885,84681,64590,121,121,0,0,8,31A60245879,97831A60245
884,85077,67935,121,121,0,0,8,531A6024879,978531A6024
883,88047,94874,121,121,0,0,8,4531A602879,9784531A602
882,347066,376603,121,121,0,0,8,24531A60879,97824531A60
881,84542,63699,121,121,0,0,8,024531A6879,978024531A6
880,84551,63736,242,242,0,0,8,6024531A879,9786024531A
879,84582,63904,121,121,0,0,8,A1602453879,978A1602453
878,84680,64589,121,121,0,0,8,3A160245879,9783A160245
877,85076,67934,121,121,0,0,8,53A16024879,97853A16024
876,88046,94873,121,121,0,0,8,453A1602879,978453A1602
875,347065,376602,121,121,0,0,8,2453A160879,9782453A160
874,84541,63698,121,121,0,0,8,02453A16879,97802453A16
873,84550,63735,121,121,0,0,8,602453A1879,978602453A1
872,84581,63911,242,242,0,0,8,1602453A879,9781602453A
871,84679,64588,121,121,0,0,8,A3160245879,978A3160245
870,85075,67933,121,121,0,0,8,5A316024879,9785A316024
869,88045,94872,121,121,0,0,8,45A31602879,97845A31602
868,347064,376601,121,121,0,0,8,245A3160879,978245A3160
867,84540,63697,121,121,0,0,8,0245A316879,9780245A316
866,84549,63734,121,121,0,0,8,60245A31879,97860245A31
865,84580,63910,121,121,0,0,8,160245A3879,978160245A3
864,84678,64595,242,242,0,0,8,3160245A879,9783160245A
863,85074,67932,121,121,0,0,8,A5316024879,978A5316024
862,88044,94871,121,121,0,0,8,4A531602879,9784A531602
861,347063,376600,121,121,0,0,8,24A53160879,97824A53160
860,84539,63696,121,121,0,0,8,024A5316879,978024A5316
859,84548,63733,121,121,0,0,8,6024A531879,9786024A531
858,84579,63909,121,121,0,0,8,16024A53879,97816024A53
857,84677,64594,121,121,0,0,8,316024A5879,978316024A5
856,85073,67939,242,242,0,0,8,5316024A879,9785316024A
855,88043,94870,121,121,0,0,8,A4531602879,978A4531602
854,347062,376599,121,121,0,0,8,2A453160879,9782A453160
853,84538,63695,121,121,0,0,8,02A45316879,97802A45316
852,84547,63732,121,121,0,0,8,602A4531879,978602A4531
851,84578,63908,121,121,0,0,8,1602A453879,9781602A453
850,84676,64593,121,121,0,0,8,31602A45879,97831602A45
849,85072,67938,121,121,0,0,8,531602A4879,978531602A4
848,88042,94877,242,242,0,0,8,4531602A879,9784531602A
847,347069,376598,121,121,0,0,8,A2453160879,978A2453160
846,84545,63694,121,121,0,0,8,0A245316879,9780A245316
845,84554,63731,121,121,0,0,8,60A24531879,97860A24531
844,84585,63907,121,121,0,0,8,160A2453879,978160A2453
843,84683,64592,121,121,0,0,8,3160A245879,9783160A245
842,85079,67937,121,121,0,0,8,53160A24879,97853160A24
841,88049,94876,121,121,0,0,8,453160A2879,978453160A2
840,347068,376605,242,242,0,0,8,2453160A879,9782453160A
839,35153,6755,121,121,0,0,8,86013245A79,97A86013245
838,35152,6857,968,968,0,0,8,58601324A79,97A58601324
837,35151,7445,847,847,0,0,8,45860132A79,97A45860132
836,35150,11257,726,726,0,0,8,24586013A79,97A24586013
835,35149,35157,605,605,0,0,8,32458601A79,97A32458601
834,35156,287409,484,484,0,0,8,13245860A79,97A13245860
833,35155,6764,363,363,0,0,8,01324586A79,97A01324586
832,35154,6773,242,242,0,0,8,60132458A79,97A60132458
831,35183,6888,121,121,0,0,8,85601324A79,97A85601324
830,35182,7476,968,968,0,0,8,48560132A79,97A48560132
829,35181,11288,847,847,0,0,8,24856013A79,97A24856013
828,35180,35188,726,726,0,0,8,32485601A79,97A32485601
827,35187,287440,605,605,0,0,8,13248560A79,97A13248560
826,35186,6908,484,484,0,0,8,01324856A79,97A01324856
825,35185,6917,363,363,0,0,8,60132485A79,97A60132485
824,35184,6948,242,242,0,0,8,56013248A79,97A56013248
823,35322,7616,121,121,0,0,8,84560132A79,97A84560132
822,35321,11428,968,968,0,0,8,28456013A79,97A28456013
821,35320,35328,847,847,0,0,8,32845601A79,97A32845601
820,35327,287580,726,726,0,0,8,13284560A79,97A13284560
819,35326,7676,605,605,0,0,8,01328456A79,97A01328456
818,35325,7685,484,484,0,0,8,60132845A79,97A60132845
817,35324,7716,363,363,0,0,8,56013284A79,97A56013284
816,35323,7856,242,242,0,0,8,45601328A79,97A45601328
815,36045,12152,121,121,0,0,8,82456013A79,97A82456013
814,36044,36052,968,968,0,0,8,38245601A79,97A38245601
813,36051,288304,847,847,0,0,8,13824560A79,97A13824560
812,36050,12378,726,726,0,0,8,01382456A79,97A01382456
811,36049,12387,605,605,0,0,8,60138245A79,97A60138245
810,36048,12418,484,484,0,0,8,56013824A79,97A56013824
809,36047,12558,363,363,0,0,8,45601382A79,97A45601382
808,36046,13282,242,242,0,0,8,24560138A79,97A24560138
807,39914,39922,121,121,0,0,8,83245601A79,97A83245601
806,39921,292174,968,968,0,0,8,18324560A79,97A18324560
805,39920,41952,847,847,0,0,8,01832456A79,97A01832456
804,39919,41961,726,726,0,0,8,60183245A79,97A60183245
803,39918,41992,605,605,0,0,8,56018324A79,97A56018324
802,39917,42132,484,484,0,0,8,45601832A79,97A45601832
801,39916,42856,363,363,0,0,8,24560183A79,97A24560183
800,39915,46726,242,242,0,0,8,32456018A79,97A32456018
799,339884,327400,121,121,0,0,8,81324560A79,97A81324560
798,339883,335112,968,968,0,0,8,08132456A79,97A08132456
797,339882,335121,847,847,0,0,8,60813245A79,97A60813245
796,339881,335152,726,726,0,0,8,56081324A79,97A56081324
795,339880,335292,605,605,0,0,8,45608132A79,97A45608132
794,339879,336016,484,484,0,0,8,24560813A79,97A24560813
793,339878,339886,363,363,0,0,8,32456081A79,97A32456081
792,339885,375112,242,242,0,0,8,13245608A79,97A13245608
791,35145,6728,121,121,0,0,8,80132456A79,97A80132456
790,35144,6746,968,968,0,0,8,68013245A79,97A68013245
789,35143,6848,847,847,0,0,8,56801324A79,97A56801324
788,35142,7436,726,726,0,0,8,45680132A79,97A45680132
787,35141,11248,605,605,0,0,8,24568013A79,97A24568013
786,35140,35148,484,484,0,0,8,32456801A79,97A32456801
785,35147,287400,363,363,0,0,8,13245680A79,97A13245680
784,35146,6737,242,242,0,0,8,01324568A79,97A01324568
783,36253,12360,121,121,0,0,8,86524013A79,97A86524013
782,36252,36260,968,968,0,0,8,38652401A79,97A38652401
781,36259,288512,847,847,0,0,8,13865240A79,97A13865240
780,36258,13172,726,726,0,0,8,01386524A79,97A01386524
779,36257,13181,605,605,0,0,8,40138652A79,97A40138652
778,36256,13208,484,484,0,0,8,24013865A79,97A24013865
777,36255,13264,363,363,0,0,8,52401386A79,97A52401386
776,36254,13490,242,242,0,0,8,65240138A79,97A65240138
775,40122,40130,121,121,0,0,8,83652401A79,97A83652401
774,40129,292382,968,968,0,0,8,18365240A79,97A18365240
773,40128,42746,847,847,0,0,8,01836524A79,97A01836524
772,40127,42755,726,726,0,0,8,40183652A79,97A40183652
771,40126,42782,605,605,0,0,8,24018365A79,97A24018365
770,40125,42838,484,484,0,0,8,52401836A79,97A52401836
769,40124,43064,363,363,0,0,8,65240183A79,97A65240183
768,40123,46934,242,242,0,0,8,36524018A79,97A36524018
767,340092,327608,121,121,0,0,8,81365240A79,97A81365240
766,340091,335906,968,968,0,0,8,08136524A79,97A08136524
765,340090,335915,847,847,0,0,8,40813652A79,97A40813652
764,340089,335942,726,726,0,0,8,24081365A79,97A24081365
763,340088,335998,605,605,0,0,8,52408136A79,97A52408136
762,340087,336224,484,484,0,0,8,65240813A79,97A65240813
761,340086,340094,363,363,0,0,8,36524081A79,97A36524081
760,340093,375320,242,242,0,0,8,13652408A79,97A13652408
759,35939,10584,121,121,0,0,8,80136524A79,97A80136524
758,35938,10602,968,968,0,0,8,48013652A79,97A48013652
757,35937,10692,847,847,0,0,8,24801365A79,97A24801365
756,35936,10914,726,726,0,0,8,52480136A79,97A52480136
755,35935,12042,605,605,0,0,8,65248013A79,97A65248013
754,35934,35942,484,484,0,0,8,36524801A79,97A36524801
753,35941,288194,363,363,0,0,8,13652480A79,97A13652480
752,35940,10593,242,242,0,0,8,01365248A79,97A01365248
751,35947,10611,121,121,0,0,8,84013652A79,97A84013652
750,35946,10701,968,968,0,0,8,28401365A79,97A28401365
749,35945,10923,847,847,0,0,8,52840136A79,97A52840136
748,35944,12051,726,726,0,0,8,65284013A79,97A65284013
747,35943,35951,605,605,0,0,8,36528401A79,97A36528401
746,35950,288203,484,484,0,0,8,13652840A79,97A13652840
745,35949,10620,363,363,0,0,8,01365284A79,97A01365284
744,35948,10629,242,242,0,0,8,40136528A79,97A40136528
743,35973,10728,121,121,0,0,8,82401365A79,97A82401365
742,35972,10950,968,968,0,0,8,58240136A79,97A58240136
741,35971,12078,847,847,0,0,8,65824013A79,97A65824013
740,35970,35978,726,726,0,0,8,36582401A79,97A36582401
739,35977,288230,605,605,0,0,8,13658240A79,97A13658240
738,35976,10746,484,484,0,0,8,01365824A79,97A01365824
737,35975,10755,363,363,0,0,8,40136582A79,97A40136582
736,35974,10782,242,242,0,0,8,24013658A79,97A24013658
735,36028,11006,121,121,0,0,8,85240136A79,97A85240136
734,36027,12134,968,968,0,0,8,68524013A79,97A68524013
733,36026,36034,847,847,0,0,8,36852401A79,97A36852401
732,36033,288286,726,726,0,0,8,13685240A79,97A13685240
731,36032,11138,605,605,0,0,8,01368524A79,97A01368524
730,36031,11147,484,484,0,0,8,40136852A79,97A40136852
729,36030,11174,363,363,0,0,8,24013685A79,97A24013685
728,36029,11230,242,242,0,0,8,52401368A79,97A52401368
727,226838,201267,121,121,0,0,8,A3610524879,978A3610524
726,227226,204554,121,121,0,0,8,4A361052879,9784A361052
725,231080,237883,121,121,0,0,8,24A36105879,97824A36105
724,367315,379802,121,121,0,0,8,524A3610879,978524A3610
723,226708,200415,121,121,0,0,8,0524A361879,9780524A361
722,226717,200452,121,121,0,0,8,10524A36879,97810524A36
721,226737,200573,121,121,0,0,8,610524A3879,978610524A3
720,226837,201274,242,242,0,0,8,3610524A879,9783610524A
719,227225,204553,121,121,0,0,8,A4361052879,978A4361052
718,231079,237882,121,121,0,0,8,2A436105879,9782A436105
717,367314,379801,121,121,0,0,8,52A43610879,97852A43610
716,226707,200414,121,121,0,0,8,052A4361879,978052A4361
715,226716,200451,121,121,0,0,8,1052A436879,9781052A436
714,226736,200572,121,121,0,0,8,61052A43879,97861052A43
713,226836,201273,121,121,0,0,8,361052A4879,978361052A4
712,227224,204560,242,242,0,0,8,4361052A879,9784361052A
711,231078,237881,121,121,0,0,8,A2436105879,978A2436105
710,367313,379800,121,121,0,0,8,5A243610879,9785A243610
709,226706,200413,121,121,0,0,8,05A24361879,97805A24361
708,226715,200450,121,121,0,0,8,105A2436879,978105A2436
707,226735,200571,121,121,0,0,8,6105A243879,9786105A243
706,226835,201272,121,121,0,0,8,36105A24879,97836105A24
705,227223,204559,121,121,0,0,8,436105A2879,978436105A2
704,231077,237888,242,242,0,0,8,2436105A879,9782436105A
703,367320,379799,121,121,0,0,8,A5243610879,978A5243610
702,226713,200412,121,121,0,0,8,0A524361879,9780A524361
701,226722,200449,121,121,0,0,8,10A52436879,97810A52436
700,226742,200570,121,121,0,0,8,610A5243879,978610A5243
699,226842,201271,121,121,0,0,8,3610A524879,9783610A524
698,227230,204558,121,121,0,0,8,43610A52879,97843610A52
697,231084,237887,121,121,0,0,8,243610A5879,978243610A5
696,367319,379806,242,242,0,0,8,5243610A879,9785243610A
695,226712,200411,121,121,0,0,8,A0524361879,978A0524361
694,226721,200448,121,121,0,0,8,1A052436879,9781A052436
693,226741,200569,121,121,0,0,8,61A05243879,97861A05243
692,226841,201270,121,121,0,0,8,361A0524879,978361A0524
691,227229,204557,121,121,0,0,8,4361A052879,9784361A052
690,231083,237886,121,121,0,0,8,24361A05879,97824361A05
689,367318,379805,121,121,0,0,8,524361A0879,978524361A0
688,226711,200418,242,242,0,0,8,0524361A879,9780524361A
687,226720,200447,121,121,0,0,8,A1052436879,978A1052436
686,226740,200568,121,121,0,0,8,6A105243879,9786A105243
685,226840,201269,121,121,0,0,8,36A10524879,97836A10524
684,227228,204556,121,121,0,0,8,436A1052879,978436A1052
683,231082,237885,121,121,0,0,8,2436A105879,9782436A105
682,367317,379804,121,121,0,0,8,52436A10879,97852436A10
681,226710,200417,121,121,0,0,8,052436A1879,978052436A1
680,226719,200454,242,242,0,0,8,1052436A879,9781052436A
679,226739,200567,121,121,0,0,8,A6105243879,978A6105243
678,226839,201268,121,121,0,0,8,3A610524879,9783A610524
677,227227,204555,121,121,0,0,8,43A61052879,97843A61052
676,231081,237884,121,121,0,0,8,243A6105879,978243A6105
675,367316,379803,121,121,0,0,8,5243A610879,9785243A610
674,226709,200416,121,121,0,0,8,05243A61879,97805243A61
673,226718,200453,121,121,0,0,8,105243A6879,978105243A6
672,226738,200574,242,242,0,0,8,6105243A879,9786105243A
671,353912,377751,121,121,0,0,8,A3452610879,978A3452610
670,132383,111676,121,121,0,0,8,0A345261879,9780A345261
669,132392,111713,121,121,0,0,8,10A34526879,97810A34526
668,132412,111834,121,121,0,0,8,610A3452879,978610A3452
667,132510,112519,121,121,0,0,8,2610A345879,9782610A345
666,132906,115864,121,121,0,0,8,52610A34879,97852610A34
665,135860,142687,121,121,0,0,8,452610A3879,978452610A3
664,353911,377758,242,242,0,0,8,3452610A879,9783452610A
663,132382,111675,121,121,0,0,8,A0345261879,978A0345261
662,132391,111712,121,121,0,0,8,1A034526879,9781A034526
661,132411,111833,121,121,0,0,8,61A03452879,97861A03452
660,132509,112518,121,121,0,0,8,261A0345879,978261A0345
659,132905,115863,121,121,0,0,8,5261A034879,9785261A034
658,135859,142686,121,121,0,0,8,45261A03879,97845261A03
657,353910,377757,121,121,0,0,8,345261A0879,978345261A0
656,132381,111682,242,242,0,0,8,0345261A879,9780345261A
655,132390,111711,121,121,0,0,8,A1034526879,978A1034526
654,132410,111832,121,121,0,0,8,6A103452879,9786A103452
653,132508,112517,121,121,0,0,8,26A10345879,97826A10345
652,132904,115862,121,121,0,0,8,526A1034879,978526A1034
651,135858,142685,121,121,0,0,8,4526A103879,9784526A103
650,353909,377756,121,121,0,0,8,34526A10879,97834526A10
649,132380,111681,121,121,0,0,8,034526A1879,978034526A1
648,132389,111718,242,242,0,0,8,1034526A879,9781034526A
647,132409,111831,121,121,0,0,8,A6103452879,978A6103452
646,132507,112516,121,121,0,0,8,2A610345879,9782A610345
645,132903,115861,121,121,0,0,8,52A61034879,97852A61034
644,135857,142684,121,121,0,0,8,452A6103879,978452A6103
643,353908,377755,121,121,0,0,8,3452A610879,9783452A610
642,132379,111680,121,121,0,0,8,03452A61879,97803452A61
641,132388,111717,121,121,0,0,8,103452A6879,978103452A6
640,132408,111838,242,242,0,0,8,6103452A879,9786103452A
639,132506,112515,121,121,0,0,8,A2610345879,978A2610345
638,132902,115860,121,121,0,0,8,5A261034879,9785A261034
637,135856,142683,121,121,0,0,8,45A26103879,97845A26103
636,353907,377754,121,121,0,0,8,345A2610879,978345A2610
635,132378,111679,121,121,0,0,8,0345A261879,9780345A261
634,132387,111716,121,121,0,0,8,10345A26879,97810345A26
633,132407,111837,121,121,0,0,8,610345A2879,978610345A2
632,132505,112522,242,242,0,0,8,2610345A879,9782610345A
631,132901,115859,121,121,0,0,8,A5261034879,978A5261034
630,135855,142682,121,121,0,0,8,4A526103879,9784A526103
629,353906,377753,121,121,0,0,8,34A52610879,97834A52610
628,132377,111678,121,121,0,0,8,034A5261879,978034A5261
627,132386,111715,121,121,0,0,8,1034A526879,9781034A526
626,132406,111836,121,121,0,0,8,61034A52879,97861034A52
625,132504,112521,121,121,0,0,8,261034A5879,978261034A5
624,132900,115866,242,242,0,0,8,5261034A879,9785261034A
623,135854,142681,121,121,0,0,8,A4526103879,978A4526103
622,353905,377752,121,121,0,0,8,3A452610879,9783A452610
621,132376,111677,121,121,0,0,8,03A45261879,97803A45261
620,132385,111714,121,121,0,0,8,103A4526879,978103A4526
619,132405,111835,121,121,0,0,8,6103A452879,9786103A452
618,132503,112520,121,121,0,0,8,26103A45879,97826103A45
617,132899,115865,121,121,0,0,8,526103A4879,978526103A4
616,135853,142688,242,242,0,0,8,4526103A879,9784526103A
615,86404,75219,121,121,0,0,8,A3026145879,978A3026145
614,86424,75340,121,121,0,0,8,5A302614879,9785A302614
613,86524,76041,121,121,0,0,8,45A30261879,97845A30261
612,87264,81572,121,121,0,0,8,145A3026879,978145A3026
611,88402,95229,121,121,0,0,8,6145A302879,9786145A302
610,347421,376958,121,121,0,0,8,26145A30879,97826145A30
609,86394,75189,121,121,0,0,8,026145A3879,978026145A3
608,86403,75226,242,242,0,0,8,3026145A879,9783026145A
607,86423,75339,121,121,0,0,8,A5302614879,978A5302614
606,86523,76040,121,121,0,0,8,4A530261879,9784A530261
605,87263,81571,121,121,0,0,8,14A53026879,97814A53026
604,88401,95228,121,121,0,0,8,614A5302879,978614A5302
603,347420,376957,121,121,0,0,8,2614A530879,9782614A530
602,86393,75188,121,121,0,0,8,02614A53879,97802614A53
601,86402,75225,121,121,0,0,8,302614A5879,978302614A5
600,86422,75346,242,242,0,0,8,5302614A879,9785302614A
599,86522,76039,121,121,0,0,8,A4530261879,978A4530261
598,87262,81570,121,121,0,0,8,1A453026879,9781A453026
597,88400,95227,121,121,0,0,8,61A45302879,97861A45302
596,347419,376956,121,121,0,0,8,261A4530879,978261A4530
595,86392,75187,121,121,0,0,8,0261A453879,9780261A453
594,86401,75224,121,121,0,0,8,30261A45879,97830261A45
593,86421,75345,121,121,0,0,8,530261A4879,978530261A4
592,86521,76046,242,242,0,0,8,4530261A879,9784530261A
591,87261,81569,121,121,0,0,8,A1453026879,978A1453026
590,88399,95226,121,121,0,0,8,6A145302879,9786A145302
589,347418,376955,121,121,0,0,8,26A14530879,97826A14530
588,86391,75186,121,121,0,0,8,026A1453879,978026A1453
587,86400,75223,121,121,0,0,8,3026A145879,9783026A145
586,86420,75344,121,121,0,0,8,53026A14879,97853026A14
585,86520,76045,121,121,0,0,8,453026A1879,978453026A1
584,87260,81576,242,242,0,0,8,1453026A879,9781453026A
583,88398,95225,121,121,0,0,8,A6145302879,978A6145302
582,347417,376954,121,121,0,0,8,2A614530879,9782A614530
581,86390,75185,121,121,0,0,8,02A61453879,97802A61453
580,86399,75222,121,121,0,0,8,302A6145879,978302A6145
579,86419,75343,121,121,0,0,8,5302A614879,9785302A614
578,86519,76044,121,121,0,0,8,45302A61879,97845302A61
577,87259,81575,121,121,0,0,8,145302A6879,978145302A6
576,88397,95232,242,242,0,0,8,6145302A879,9786145302A
575,347424,376953,121,121,0,0,8,A2614530879,978A2614530
574,86397,75184,121,121,0,0,8,0A261453879,9780A261453
573,86406,75221,121,121,0,0,8,30A26145879,97830A26145
572,86426,75342,121,121,0,0,8,530A2614879,978530A2614
571,86526,76043,121,121,0,0,8,4530A261879,9784530A261
570,87266,81574,121,121,0,0,8,14530A26879,97814530A26
569,88404,95231,121,121,0,0,8,614530A2879,978614530A2
568,347423,376960,242,242,0,0,8,2614530A879,9782614530A
567,86396,75183,121,121,0,0,8,A0261453879,978A0261453
566,86405,75220,121,121,0,0,8,3A026145879,9783A026145
565,86425,75341,121,121,0,0,8,53A02614879,97853A02614
564,86525,76042,121,121,0,0,8,453A0261879,978453A0261
563,87265,81573,121,121,0,0,8,1453A026879,9781453A026
562,88403,95230,121,121,0,0,8,61453A02879,97861453A02
561,347422,376959,121,121,0,0,8,261453A0879,978261453A0
560,86395,75190,242,242,0,0,8,0261453A879,9780261453A
559,87328,81636,121,121,0,0,8,A3514026879,978A3514026
558,88466,95293,121,121,0,0,8,6A351402879,9786A351402
557,347485,377022,121,121,0,0,8,26A35140879,97826A35140
556,86663,76536,121,121,0,0,8,026A3514879,978026A3514
555,86672,76573,121,121,0,0,8,4026A351879,9784026A351
554,86703,76749,121,121,0,0,8,14026A35879,97814026A35
553,86761,77214,121,121,0,0,8,514026A3879,978514026A3
552,87327,81643,242,242,0,0,8,3514026A879,9783514026A
551,88465,95292,121,121,0,0,8,A6351402879,978A6351402
550,347484,377021,121,121,0,0,8,2A635140879,9782A635140
549,86662,76535,121,121,0,0,8,02A63514879,97802A63514
548,86671,76572,121,121,0,0,8,402A6351879,978402A6351
547,86702,76748,121,121,0,0,8,1402A635879,9781402A635
546,86760,77213,121,121,0,0,8,51402A63879,97851402A63
545,87326,81642,121,121,0,0,8,351402A6879,978351402A6
544,88464,95299,242,242,0,0,8,6351402A879,9786351402A
543,347491,377020,121,121,0,0,8,A2635140879,978A2635140
542,86669,76534,121,121,0,0,8,0A263514879,9780A263514
541,86678,76571,121,121,0,0,8,40A26351879,97840A26351
540,86709,76747,121,121,0,0,8,140A2635879,978140A2635
539,86767,77212,121,121,0,0,8,5140A263879,9785140A263
538,87333,81641,121,121,0,0,8,35140A26879,97835140A26
537,88471,95298,121,121,0,0,8,635140A2879,978635140A2
536,347490,377027,242,242,0,0,8,2635140A879,9782635140A
535,86668,76533,121,121,0,0,8,A0263514879,978A0263514
534,86677,76570,121,121,0,0,8,4A026351879,9784A026351
533,86708,76746,121,121,0,0,8,14A02635879,97814A02635
532,86766,77211,121,121,0,0,8,514A0263879,978514A0263
531,87332,81640,121,121,0,0,8,3514A026879,9783514A026
530,88470,95297,121,121,0,0,8,63514A02879,97863514A02
529,347489,377026,121,121,0,0,8,263514A0879,978263514A0
528,86667,76540,242,242,0,0,8,0263514A879,9780263514A
527,86676,76569,121,121,0,0,8,A4026351879,978A4026351
526,86707,76745,121,121,0,0,8,1A402635879,9781A402635
525,86765,77210,121,121,0,0,8,51A40263879,97851A40263
524,87331,81639,121,121,0,0,8,351A4026879,978351A4026
523,88469,95296,121,121,0,0,8,6351A402879,9786351A402
522,347488,377025,121,121,0,0,8,26351A40879,97826351A40
521,86666,76539,121,121,0,0,8,026351A4879,978026351A4
520,86675,76576,242,242,0,0,8,4026351A879,9784026351A
519,86706,76744,121,121,0,0,8,A1402635879,978A1402635
518,86764,77209,121,121,0,0,8,5A140263879,9785A140263
517,87330,81638,121,121,0,0,8,35A14026879,97835A14026
516,88468,95295,121,121,0,0,8,635A1402879,978635A1402
515,347487,377024,121,121,0,0,8,2635A140879,9782635A140
514,86665,76538,121,121,0,0,8,02635A14879,97802635A14
513,86674,76575,121,121,0,0,8,402635A1879,978402635A1
512,86705,76751,242,242,0,0,8,1402635A879,9781402635A
511,86763,77208,121,121,0,0,8,A5140263879,978A5140263
510,87329,81637,121,121,0,0,8,3A514026879,9783A514026
509,88467,95294,121,121,0,0,8,63A51402879,97863A51402
508,347486,377023,121,121,0,0,8,263A5140879,978263A5140
507,86664,76537,121,121,0,0,8,0263A514879,9780263A514
506,86673,76574,121,121,0,0,8,40263A51879,97840263A51
505,86704,76750,121,121,0,0,8,140263A5879,978140263A5
504,86762,77215,242,242,0,0,8,5140263A879,9785140263A
503,225718,194447,121,121,0,0,8,A6320514879,978A6320514
502,226114,197792,121,121,0,0,8,4A632051879,9784A632051
501,230872,237675,121,121,0,0,8,14A63205879,97814A63205
500,367107,379594,121,121,0,0,8,514A6320879,978514A6320
499,225628,193815,121,121,0,0,8,0514A632879,9780514A632
498,225637,193852,121,121,0,0,8,20514A63879,97820514A63
497,225657,193973,121,121,0,0,8,320514A6879,978320514A6
496,225717,194454,242,242,0,0,8,6320514A879,9786320514A
495,226113,197791,121,121,0,0,8,A4632051879,978A4632051
494,230871,237674,121,121,0,0,8,1A463205879,9781A463205
493,367106,379593,121,121,0,0,8,51A46320879,97851A46320
492,225627,193814,121,121,0,0,8,051A4632879,978051A4632
491,225636,193851,121,121,0,0,8,2051A463879,9782051A463
490,225656,193972,121,121,0,0,8,32051A46879,97832051A46
489,225716,194453,121,121,0,0,8,632051A4879,978632051A4
488,226112,197798,242,242,0,0,8,4632051A879,9784632051A
487,230870,237673,121,121,0,0,8,A1463205879,978A1463205
486,367105,379592,121,121,0,0,8,5A146320879,9785A146320
485,225626,193813,121,121,0,0,8,05A14632879,97805A14632
484,225635,193850,121,121,0,0,8,205A1463879,978205A1463
483,225655,193971,121,121,0,0,8,3205A146879,9783205A146
482,225715,194452,121,121,0,0,8,63205A14879,97863205A14
481,226111,197797,121,121,0,0,8,463205A1879,978463205A1
480,230869,237680,242,242,0,0,8,1463205A879,9781463205A
479,367112,379591,121,121,0,0,8,A5146320879,978A5146320
478,225633,193812,121,121,0,0,8,0A514632879,9780A514632
477,225642,193849,121,121,0,0,8,20A51463879,97820A51463
476,225662,193970,121,121,0,0,8,320A5146879,978320A5146
475,225722,194451,121,121,0,0,8,6320A514879,9786320A514
474,226118,197796,121,121,0,0,8,46320A51879,97846320A51
473,230876,237679,121,121,0,0,8,146320A5879,978146320A5
472,367111,379598,242,242,0,0,8,5146320A879,9785146320A
471,225632,193811,121,121,0,0,8,A0514632879,978A0514632
470,225641,193848,121,121,0,0,8,2A051463879,9782A051463
469,225661,193969,121,121,0,0,8,32A05146879,97832A05146
468,225721,194450,121,121,0,0,8,632A0514879,978632A0514
467,226117,197795,121,121,0,0,8,4632A051879,9784632A051
466,230875,237678,121,121,0,0,8,14632A05879,97814632A05
465,367110,379597,121,121,0,0,8,514632A0879,978514632A0
464,225631,193818,242,242,0,0,8,0514632A879,9780514632A
463,225640,193847,121,121,0,0,8,A2051463879,978A2051463
462,225660,193968,121,121,0,0,8,3A205146879,9783A205146
461,225720,194449,121,121,0,0,8,63A20514879,97863A20514
460,226116,197794,121,121,0,0,8,463A2051879,978463A2051
459,230874,237677,121,121,0,0,8,1463A205879,9781463A205
458,367109,379596,121,121,0,0,8,51463A20879,97851463A20
457,225630,193817,121,121,0,0,8,051463A2879,978051463A2
456,225639,193854,242,242,0,0,8,2051463A879,9782051463A
455,225659,193967,121,121,0,0,8,A3205146879,978A3205146
454,225719,194448,121,121,0,0,8,6A320514879,9786A320514
453,226115,197793,121,121,0,0,8,46A32051879,97846A32051
452,230873,237676,121,121,0,0,8,146A3205879,978146A3205
451,367108,379595,121,121,0,0,8,5146A320879,9785146A320
450,225629,193816,121,121,0,0,8,05146A32879,97805146A32
449,225638,193853,121,121,0,0,8,205146A3879,978205146A3
448,225658,193974,242,242,0,0,8,3205146A879,9783205146A
447,374612,381421,121,121,0,0,8,A6451320879,978A6451320
446,276769,262508,121,121,0,0,8,0A645132879,9780A645132
445,276778,262545,121,121,0,0,8,20A64513879,97820A64513
444,276796,262654,121,121,0,0,8,320A6451879,978320A6451
443,276928,263521,121,121,0,0,8,1320A645879,9781320A645
442,277154,265782,121,121,0,0,8,51320A64879,97851320A64
441,279200,286003,121,121,0,0,8,451320A6879,978451320A6
440,374611,381428,242,242,0,0,8,6451320A879,9786451320A
439,276768,262507,121,121,0,0,8,A0645132879,978A0645132
438,276777,262544,121,121,0,0,8,2A064513879,9782A064513
437,276795,262653,121,121,0,0,8,32A06451879,97832A06451
436,276927,263520,121,121,0,0,8,132A0645879,978132A0645
435,277153,265781,121,121,0,0,8,5132A064879,9785132A064
434,279199,286002,121,121,0,0,8,45132A06879,97845132A06
433,374610,381427,121,121,0,0,8,645132A0879,978645132A0
432,276767,262514,242,242,0,0,8,0645132A879,9780645132A
431,276776,262543,121,121,0,0,8,A2064513879,978A2064513
430,276794,262652,121,121,0,0,8,3A206451879,9783A206451
429,276926,263519,121,121,0,0,8,13A20645879,97813A20645
428,277152,265780,121,121,0,0,8,513A2064879,978513A2064
427,279198,286001,121,121,0,0,8,4513A206879,9784513A206
426,374609,381426,121,121,0,0,8,64513A20879,97864513A20
425,276766,262513,121,121,0,0,8,064513A2879,978064513A2
424,276775,262550,242,242,0,0,8,2064513A879,9782064513A
423,276793,262651,121,121,0,0,8,A3206451879,978A3206451
422,276925,263518,121,121,0,0,8,1A320645879,9781A320645
421,277151,265779,121,121,0,0,8,51A32064879,97851A32064
420,279197,286000,121,121,0,0,8,451A3206879,978451A3206
419,374608,381425,121,121,0,0,8,6451A320879,9786451A320
418,276765,262512,121,121,0,0,8,06451A32879,97806451A32
417,276774,262549,121,121,0,0,8,206451A3879,978206451A3
416,276792,262658,242,242,0,0,8,3206451A879,9783206451A
415,276924,263517,121,121,0,0,8,A1320645879,978A1320645
414,277150,265778,121,121,0,0,8,5A132064879,9785A132064
413,279196,285999,121,121,0,0,8,45A13206879,97845A13206
412,374607,381424,121,121,0,0,8,645A1320879,978645A1320
411,276764,262511,121,121,0,0,8,0645A132879,9780645A132
410,276773,262548,121,121,0,0,8,20645A13879,97820645A13
409,276791,262657,121,121,0,0,8,320645A1879,978320645A1
408,276923,263524,242,242,0,0,8,1320645A879,9781320645A
407,277149,265777,121,121,0,0,8,A5132064879,978A5132064
406,279195,285998,121,121,0,0,8,4A513206879,9784A513206
405,374606,381423,121,121,0,0,8,64A51320879,97864A51320
404,276763,262510,121,121,0,0,8,064A5132879,978064A5132
403,276772,262547,121,121,0,0,8,2064A513879,9782064A513
402,276790,262656,121,121,0,0,8,32064A51879,97832064A51
401,276922,263523,121,121,0,0,8,132064A5879,978132064A5
400,277148,265784,242,242,0,0,8,5132064A879,9785132064A
399,279194,285997,121,121,0,0,8,A4513206879,978A4513206
398,374605,381422,121,121,0,0,8,6A451320879,9786A451320
397,276762,262509,121,121,0,0,8,06A45132879,97806A45132
396,276771,262546,121,121,0,0,8,206A4513879,978206A4513
395,276789,262655,121,121,0,0,8,3206A451879,9783206A451
394,276921,263522,121,121,0,0,8,13206A45879,97813206A45
393,277147,265783,121,121,0,0,8,513206A4879,978513206A4
392,279193,286004,242,242,0,0,8,4513206A879,9784513206A
391,274121,246966,121,121,0,0,8,80623451A79,97A80623451
390,274120,246984,968,968,0,0,8,18062345A79,97A18062345
389,274119,247038,847,847,0,0,8,51806234A79,97A51806234
388,274118,247446,726,726,0,0,8,45180623A79,97A45180623
387,274117,250374,605,605,0,0,8,34518062A79,97A34518062
386,274116,274124,484,484,0,0,8,23451806A79,97A23451806
385,274123,321824,363,363,0,0,8,62345180A79,97A62345180
384,274122,246975,242,242,0,0,8,06234518A79,97A06234518
383,274129,246993,121,121,0,0,8,81062345A79,97A81062345
382,274128,247047,968,968,0,0,8,58106234A79,97A58106234
381,274127,247455,847,847,0,0,8,45810623A79,97A45810623
380,274126,250383,726,726,0,0,8,34581062A79,97A34581062
379,274125,274133,605,605,0,0,8,23458106A79,97A23458106
378,274132,321833,484,484,0,0,8,62345810A79,97A62345810
377,274131,247002,363,363,0,0,8,06234581A79,97A06234581
376,274130,247011,242,242,0,0,8,10623458A79,97A10623458
375,274146,247065,121,121,0,0,8,85106234A79,97A85106234
374,274145,247473,968,968,0,0,8,48510623A79,97A48510623
373,274144,250401,847,847,0,0,8,34851062A79,97A34851062
372,274143,274151,726,726,0,0,8,23485106A79,97A23485106
371,274150,321851,605,605,0,0,8,62348510A79,97A62348510
370,274149,247092,484,484,0,0,8,06234851A79,97A06234851
369,274148,247101,363,363,0,0,8,10623485A79,97A10623485
368,274147,247119,242,242,0,0,8,51062348A79,97A51062348
367,274243,247571,121,121,0,0,8,84510623A79,97A84510623
366,274242,250499,968,968,0,0,8,38451062A79,97A38451062
365,274241,274249,847,847,0,0,8,23845106A79,97A23845106
364,274248,321949,726,726,0,0,8,62384510A79,97A62384510
363,274247,247678,605,605,0,0,8,06238451A79,97A06238451
362,274246,247687,484,484,0,0,8,10623845A79,97A10623845
361,274245,247705,363,363,0,0,8,51062384A79,97A51062384
360,274244,247803,242,242,0,0,8,45106238A79,97A45106238
359,274804,251061,121,121,0,0,8,83451062A79,97A83451062
358,274803,274811,968,968,0,0,8,28345106A79,97A28345106
357,274810,322511,847,847,0,0,8,62834510A79,97A62834510
356,274809,251504,726,726,0,0,8,06283451A79,97A06283451
355,274808,251513,605,605,0,0,8,10628345A79,97A10628345
354,274807,251531,484,484,0,0,8,51062834A79,97A51062834
353,274806,251629,363,363,0,0,8,45106283A79,97A45106283
352,274805,252191,242,242,0,0,8,34510628A79,97A34510628
351,278649,278657,121,121,0,0,8,82345106A79,97A82345106
350,278656,326357,968,968,0,0,8,68234510A79,97A68234510
349,278655,280928,847,847,0,0,8,06823451A79,97A06823451
348,278654,280937,726,726,0,0,8,10682345A79,97A10682345
347,278653,280955,605,605,0,0,8,51068234A79,97A51068234
346,278652,281053,484,484,0,0,8,45106823A79,97A45106823
345,278651,281615,363,363,0,0,8,34510682A79,97A34510682
344,278650,285461,242,242,0,0,8,23451068A79,97A23451068
343,374067,333173,121,121,0,0,8,86234510A79,97A86234510
342,374066,369536,968,968,0,0,8,08623451A79,97A08623451
341,374065,369545,847,847,0,0,8,10862345A79,97A10862345
340,374064,369563,726,726,0,0,8,51086234A79,97A51086234
339,374063,369661,605,605,0,0,8,45108623A79,97A45108623
338,374062,370223,484,484,0,0,8,34510862A79,97A34510862
337,374061,374069,363,363,0,0,8,23451086A79,97A23451086
336,374068,380885,242,242,0,0,8,62345108A79,97A62345108
335,36846,16245,121,121,0,0,8,A0145623879,978A0145623
334,36855,16282,121,121,0,0,8,3A014562879,9783A014562
333,36882,16436,121,121,0,0,8,23A01456879,97823A01456
332,36938,16885,121,121,0,0,8,623A0145879,978623A0145
331,37332,20210,121,121,0,0,8,5623A014879,9785623A014
330,40298,47101,121,121,0,0,8,45623A01879,97845623A01
329,340261,375488,121,121,0,0,8,145623A0879,978145623A0
328,36845,16252,242,242,0,0,8,0145623A879,9780145623A
327,36854,16281,121,121,0,0,8,A3014562879,978A3014562
326,36881,16435,121,121,0,0,8,2A301456879,9782A301456
325,36937,16884,121,121,0,0,8,62A30145879,97862A30145
324,37331,20209,121,121,0,0,8,562A3014879,978562A3014
323,40297,47100,121,121,0,0,8,4562A301879,9784562A301
322,340260,375487,121,121,0,0,8,14562A30879,97814562A30
321,36844,16251,121,121,0,0,8,014562A3879,978014562A3
320,36853,16288,242,242,0,0,8,3014562A879,9783014562A
319,36880,16434,121,121,0,0,8,A2301456879,978A2301456
318,36936,16883,121,121,0,0,8,6A230145879,9786A230145
317,37330,20208,121,121,0,0,8,56A23014879,97856A23014
316,40296,47099,121,121,0,0,8,456A2301879,978456A2301
315,340259,375486,121,121,0,0,8,1456A230879,9781456A230
314,36843,16250,121,121,0,0,8,01456A23879,97801456A23
313,36852,16287,121,121,0,0,8,301456A2879,978301456A2
312,36879,16441,242,242,0,0,8,2301456A879,9782301456A
311,36935,16882,121,121,0,0,8,A6230145879,978A6230145
310,37329,20207,121,121,0,0,8,5A623014879,9785A623014
309,40295,47098,121,121,0,0,8,45A62301879,97845A62301
308,340258,375485,121,121,0,0,8,145A6230879,978145A6230
307,36842,16249,121,121,0,0,8,0145A623879,9780145A623
306,36851,16286,121,121,0,0,8,30145A62879,97830145A62
305,36878,16440,121,121,0,0,8,230145A6879,978230145A6
304,36934,16889,242,242,0,0,8,6230145A879,9786230145A
303,37328,20206,121,121,0,0,8,A5623014879,978A5623014
302,40294,47097,121,121,0,0,8,4A562301879,9784A562301
301,340257,375484,121,121,0,0,8,14A56230879,97814A56230
300,36841,16248,121,121,0,0,8,014A5623879,978014A5623
299,36850,16285,121,121,0,0,8,3014A562879,9783014A562
298,36877,16439,121,121,0,0,8,23014A56879,97823014A56
297,36933,16888,121,121,0,0,8,623014A5879,978623014A5
296,37327,20213,242,242,0,0,8,5623014A879,9785623014A
295,40293,47096,121,121,0,0,8,A4562301879,978A4562301
294,340256,375483,121,121,0,0,8,1A456230879,9781A456230
293,36840,16247,121,121,0,0,8,01A45623879,97801A45623
292,36849,16284,121,121,0,0,8,301A4562879,978301A4562
291,36876,16438,121,121,0,0,8,2301A456879,9782301A456
290,36932,16887,121,121,0,0,8,62301A45879,97862301A45
289,37326,20212,121,121,0,0,8,562301A4879,978562301A4
288,40292,47103,242,242,0,0,8,4562301A879,9784562301A
287,340263,375482,121,121,0,0,8,A1456230879,978A1456230
286,36847,16246,121,121,0,0,8,0A145623879,9780A145623
285,36856,16283,121,121,0,0,8,30A14562879,97830A14562
284,36883,16437,121,121,0,0,8,230A1456879,978230A1456
283,36939,16886,121,121,0,0,8,6230A145879,9786230A145
282,37333,20211,121,121,0,0,8,56230A14879,97856230A14
281,40299,47102,121,121,0,0,8,456230A1879,978456230A1
280,340262,375489,242,242,0,0,8,1456230A879,9781456230A
279,133729,119592,121,121,0,0,8,80356214A79,97A80356214
278,133728,119610,968,968,0,0,8,48035621A79,97A48035621
277,133727,119712,847,847,0,0,8,14803562A79,97A14803562
276,133726,120132,726,726,0,0,8,21480356A79,97A21480356
275,133725,121292,605,605,0,0,8,62148035A79,97A62148035
274,133724,133732,484,484,0,0,8,56214803A79,97A56214803
273,133731,304072,363,363,0,0,8,35621480A79,97A35621480
272,133730,119601,242,242,0,0,8,03562148A79,97A03562148
271,133737,119619,121,121,0,0,8,84035621A79,97A84035621
270,133736,119721,968,968,0,0,8,18403562A79,97A18403562
269,133735,120141,847,847,0,0,8,21840356A79,97A21840356
268,133734,121301,726,726,0,0,8,62184035A79,97A62184035
267,133733,133741,605,605,0,0,8,56218403A79,97A56218403
266,133740,304081,484,484,0,0,8,35621840A79,97A35621840
265,133739,119628,363,363,0,0,8,03562184A79,97A03562184
264,133738,119637,242,242,0,0,8,40356218A79,97A40356218
263,133767,119752,121,121,0,0,8,81403562A79,97A81403562
262,133766,120172,968,968,0,0,8,28140356A79,97A28140356
261,133765,121332,847,847,0,0,8,62814035A79,97A62814035
260,133764,133772,726,726,0,0,8,56281403A79,97A56281403
259,133771,304112,605,605,0,0,8,35628140A79,97A35628140
258,133770,119772,484,484,0,0,8,03562814A79,97A03562814
257,133769,119781,363,363,0,0,8,40356281A79,97A40356281
256,133768,119812,242,242,0,0,8,14035628A79,97A14035628
255,133866,120272,121,121,0,0,8,82140356A79,97A82140356
254,133865,121432,968,968,0,0,8,68214035A79,97A68214035
253,133864,133872,847,847,0,0,8,56821403A79,97A56821403
252,133871,304212,726,726,0,0,8,35682140A79,97A35682140
251,133870,120372,605,605,0,0,8,03568214A79,97A03568214
250,133869,120381,484,484,0,0,8,40356821A79,97A40356821
249,133868,120412,363,363,0,0,8,14035682A79,97A14035682
248,133867,120512,242,242,0,0,8,21403568A79,97A21403568
247,134095,121662,121,121,0,0,8,86214035A79,97A86214035
246,134094,134102,968,968,0,0,8,58621403A79,97A58621403
245,134101,304442,847,847,0,0,8,35862140A79,97A35862140
244,134100,122442,726,726,0,0,8,03586214A79,97A03586214
243,134099,122451,605,605,0,0,8,40358621A79,97A40358621
242,134098,122482,484,484,0,0,8,14035862A79,97A14035862
241,134097,122582,363,363,0,0,8,21403586A79,97A21403586
240,134096,122812,242,242,0,0,8,62140358A79,97A62140358
239,136128,136136,121,121,0,0,8,85621403A79,97A85621403
238,136135,306476,968,968,0,0,8,38562140A79,97A38562140
237,136134,140560,847,847,0,0,8,03856214A79,97A03856214
236,136133,140569,726,726,0,0,8,40385621A79,97A40385621
235,136132,140600,605,605,0,0,8,14038562A79,97A14038562
234,136131,140700,484,484,0,0,8,21403856A79,97A21403856
233,136130,140930,363,363,0,0,8,62140385A79,97A62140385
232,136129,142964,242,242,0,0,8,56214038A79,97A56214038
231,354186,330322,121,121,0,0,8,83562140A79,97A83562140
230,354185,351784,968,968,0,0,8,08356214A79,97A08356214
229,354184,351793,847,847,0,0,8,40835621A79,97A40835621
228,354183,351824,726,726,0,0,8,14083562A79,97A14083562
227,354182,351924,605,605,0,0,8,21408356A79,97A21408356
226,354181,352154,484,484,0,0,8,62140835A79,97A62140835
225,354180,354188,363,363,0,0,8,56214083A79,97A56214083
224,354187,378034,242,242,0,0,8,35621408A79,97A35621408
223,178515,150128,121,121,0,0,8,80421356A79,97A80421356
222,178514,150146,968,968,0,0,8,68042135A79,97A68042135
221,178513,150248,847,847,0,0,8,56804213A79,97A56804213
220,178512,150800,726,726,0,0,8,35680421A79,97A35680421
219,178511,154688,605,605,0,0,8,13568042A79,97A13568042
218,178510,178518,484,484,0,0,8,21356804A79,97A21356804
217,178517,307890,363,363,0,0,8,42135680A79,97A42135680
216,178516,150137,242,242,0,0,8,04213568A79,97A04213568
215,178523,150155,121,121,0,0,8,86042135A79,97A86042135
214,178522,150257,968,968,0,0,8,58604213A79,97A58604213
213,178521,150809,847,847,0,0,8,35860421A79,97A35860421
212,178520,154697,726,726,0,0,8,13586042A79,97A13586042
211,178519,178527,605,605,0,0,8,21358604A79,97A21358604
210,178526,307899,484,484,0,0,8,42135860A79,97A42135860
209,178525,150164,363,363,0,0,8,04213586A79,97A04213586
208,178524,150173,242,242,0,0,8,60421358A79,97A60421358
207,178553,150288,121,121,0,0,8,85604213A79,97A85604213
206,178552,150840,968,968,0,0,8,38560421A79,97A38560421
205,178551,154728,847,847,0,0,8,13856042A79,97A13856042
204,178550,178558,726,726,0,0,8,21385604A79,97A21385604
203,178557,307930,605,605,0,0,8,42138560A79,97A42138560
202,178556,150308,484,484,0,0,8,04213856A79,97A04213856
201,178555,150317,363,363,0,0,8,60421385A79,97A60421385
200,178554,150348,242,242,0,0,8,56042138A79,97A56042138
199,178680,150968,121,121,0,0,8,83560421A79,97A83560421
198,178679,154856,968,968,0,0,8,18356042A79,97A18356042
197,178678,178686,847,847,0,0,8,21835604A79,97A21835604
196,178685,308058,726,726,0,0,8,42183560A79,97A42183560
195,178684,151024,605,605,0,0,8,04218356A79,97A04218356
194,178683,151033,484,484,0,0,8,60421835A79,97A60421835
193,178682,151064,363,363,0,0,8,56042183A79,97A56042183
192,178681,151192,242,242,0,0,8,35604218A79,97A35604218
191,179423,155600,121,121,0,0,8,81356042A79,97A81356042
190,179422,179430,968,968,0,0,8,28135604A79,97A28135604
189,179429,308802,847,847,0,0,8,42813560A79,97A42813560
188,179428,155828,726,726,0,0,8,04281356A79,97A04281356
187,179427,155837,605,605,0,0,8,60428135A79,97A60428135
186,179426,155868,484,484,0,0,8,56042813A79,97A56042813
185,179425,155996,363,363,0,0,8,35604281A79,97A35604281
184,179424,156740,242,242,0,0,8,13560428A79,97A13560428
183,183280,183288,121,121,0,0,8,82135604A79,97A82135604
182,183287,312660,968,968,0,0,8,48213560A79,97A48213560
181,183286,185346,847,847,0,0,8,04821356A79,97A04821356
180,183285,185355,726,726,0,0,8,60482135A79,97A60482135
179,183284,185386,605,605,0,0,8,56048213A79,97A56048213
178,183283,185514,484,484,0,0,8,35604821A79,97A35604821
177,183282,186258,363,363,0,0,8,13560482A79,97A13560482
176,183281,190116,242,242,0,0,8,21356048A79,97A21356048
175,360370,330816,121,121,0,0,8,84213560A79,97A84213560
174,360369,355602,968,968,0,0,8,08421356A79,97A08421356
173,360368,355611,847,847,0,0,8,60842135A79,97A60842135
172,360367,355642,726,726,0,0,8,56084213A79,97A56084213
171,360366,355770,605,605,0,0,8,35608421A79,97A35608421
170,360365,356514,484,484,0,0,8,13560842A79,97A13560842
169,360364,360372,363,363,0,0,8,21356084A79,97A21356084
168,360371,378528,242,242,0,0,8,42135608A79,97A42135608
167,227828,207161,121,121,0,0,8,A6053421879,978A6053421
166,227855,207315,121,121,0,0,8,1A605342879,9781A605342
165,227953,208000,121,121,0,0,8,21A60534879,97821A60534
164,228347,211325,121,121,0,0,8,421A6053879,978421A6053
163,231297,238100,121,121,0,0,8,3421A605879,9783421A605
162,367532,380019,121,121,0,0,8,53421A60879,97853421A60
161,227818,207131,121,121,0,0,8,053421A6879,978053421A6
160,227827,207168,242,242,0,0,8,6053421A879,9786053421A
159,227854,207314,121,121,0,0,8,A1605342879,978A1605342
158,227952,207999,121,121,0,0,8,2A160534879,9782A160534
157,228346,211324,121,121,0,0,8,42A16053879,97842A16053
156,231296,238099,121,121,0,0,8,342A1605879,978342A1605
155,367531,380018,121,121,0,0,8,5342A160879,9785342A160
154,227817,207130,121,121,0,0,8,05342A16879,97805342A16
153,227826,207167,121,121,0,0,8,605342A1879,978605342A1
152,227853,207321,242,242,0,0,8,1605342A879,9781605342A
151,227951,207998,121,121,0,0,8,A2160534879,978A2160534
150,228345,211323,121,121,0,0,8,4A216053879,9784A216053
149,231295,238098,121,121,0,0,8,34A21605879,97834A21605
148,367530,380017,121,121,0,0,8,534A2160879,978534A2160
147,227816,207129,121,121,0,0,8,0534A216879,9780534A216
146,227825,207166,121,121,0,0,8,60534A21879,97860534A21
145,227852,207320,121,121,0,0,8,160534A2879,978160534A2
144,227950,208005,242,242,0,0,8,2160534A879,9782160534A
143,228344,211322,121,121,0,0,8,A4216053879,978A4216053
142,231294,238097,121,121,0,0,8,3A421605879,9783A421605
141,367529,380016,121,121,0,0,8,53A42160879,97853A42160
140,227815,207128,121,121,0,0,8,053A4216879,978053A4216
139,227824,207165,121,121,0,0,8,6053A421879,9786053A421
138,227851,207319,121,121,0,0,8,16053A42879,97816053A42
137,227949,208004,121,121,0,0,8,216053A4879,978216053A4
136,228343,211329,242,242,0,0,8,4216053A879,9784216053A
135,231293,238096,121,121,0,0,8,A3421605879,978A3421605
134,367528,380015,121,121,0,0,8,5A342160879,9785A342160
133,227814,207127,121,121,0,0,8,05A34216879,97805A34216
132,227823,207164,121,121,0,0,8,605A3421879,978605A3421
131,227850,207318,121,121,0,0,8,1605A342879,9781605A342
130,227948,208003,121,121,0,0,8,21605A34879,97821605A34
129,228342,211328,121,121,0,0,8,421605A3879,978421605A3
128,231292,238103,242,242,0,0,8,3421605A879,9783421605A
127,367535,380014,121,121,0,0,8,A5342160879,978A5342160
126,227821,207126,121,121,0,0,8,0A534216879,9780A534216
125,227830,207163,121,121,0,0,8,60A53421879,97860A53421
124,227857,207317,121,121,0,0,8,160A5342879,978160A5342
123,227955,208002,121,121,0,0,8,2160A534879,9782160A534
122,228349,211327,121,121,0,0,8,42160A53879,97842160A53
121,231299,238102,121,121,0,0,8,342160A5879,978342160A5
120,367534,380021,242,242,0,0,8,5342160A879,9785342160A
119,227820,207125,121,121,0,0,8,A0534216879,978A0534216
118,227829,207162,121,121,0,0,8,6A053421879,9786A053421
117,227856,207316,121,121,0,0,8,16A05342879,97816A05342
116,227954,208001,121,121,0,0,8,216A0534879,978216A0534
115,228348,211326,121,121,0,0,8,4216A053879,9784216A053
114,231298,238101,121,121,0,0,8,34216A05879,97834216A05
113,367533,380020,121,121,0,0,8,534216A0879,978534216A0
112,227819,207132,242,242,0,0,8,0534216A879,9780534216A
111,228390,210247,121,121,0,0,8,86142053A79,97A86142053
110,228389,228397,968,968,0,0,8,38614205A79,97A38614205
109,228396,316921,847,847,0,0,8,53861420A79,97A53861420
108,228395,210992,726,726,0,0,8,05386142A79,97A05386142
107,228394,211001,605,605,0,0,8,20538614A79,97A20538614
106,228393,211019,484,484,0,0,8,42053861A79,97A42053861
105,228392,211151,363,363,0,0,8,14205386A79,97A14205386
104,228391,211377,242,242,0,0,8,61420538A79,97A61420538
103,231339,231347,121,121,0,0,8,83614205A79,97A83614205
102,231346,319871,968,968,0,0,8,58361420A79,97A58361420
101,231345,234816,847,847,0,0,8,05836142A79,97A05836142
100,231344,234825,726,726,0,0,8,20583614A79,97A20583614
99,231343,234843,605,605,0,0,8,42058361A79,97A42058361
98,231342,234975,484,484,0,0,8,14205836A79,97A14205836
97,231341,235201,363,363,0,0,8,61420583A79,97A61420583
96,231340,238151,242,242,0,0,8,36142058A79,97A36142058
95,367581,332357,121,121,0,0,8,85361420A79,97A85361420
94,367580,364248,968,968,0,0,8,08536142A79,97A08536142
93,367579,364257,847,847,0,0,8,20853614A79,97A20853614
92,367578,364275,726,726,0,0,8,42085361A79,97A42085361
91,367577,364407,605,605,0,0,8,14208536A79,97A14208536
90,367576,364633,484,484,0,0,8,61420853A79,97A61420853
89,367575,367583,363,363,0,0,8,36142085A79,97A36142085
88,367582,380069,242,242,0,0,8,53614208A79,97A53614208
87,228009,208098,121,121,0,0,8,80536142A79,97A80536142
86,228008,208116,968,968,0,0,8,28053614A79,97A28053614
85,228007,208170,847,847,0,0,8,42805361A79,97A42805361
84,228006,208734,726,726,0,0,8,14280536A79,97A14280536
83,228005,209862,605,605,0,0,8,61428053A79,97A61428053
82,228004,228012,484,484,0,0,8,36142805A79,97A36142805
81,228011,316536,363,363,0,0,8,53614280A79,97A53614280
80,228010,208107,242,242,0,0,8,05361428A79,97A05361428
79,228017,208125,121,121,0,0,8,82053614A79,97A82053614
78,228016,208179,968,968,0,0,8,48205361A79,97A48205361
77,228015,208743,847,847,0,0,8,14820536A79,97A14820536
76,228014,209871,726,726,0,0,8,61482053A79,97A61482053
75,228013,228021,605,605,0,0,8,36148205A79,97A36148205
74,228020,316545,484,484,0,0,8,53614820A79,97A53614820
73,228019,208134,363,363,0,0,8,05361482A79,97A05361482
72,228018,208143,242,242,0,0,8,20536148A79,97A20536148
71,228034,208197,121,121,0,0,8,84205361A79,97A84205361
70,228033,208761,968,968,0,0,8,18420536A79,97A18420536
69,228032,209889,847,847,0,0,8,61842053A79,97A61842053
68,228031,228039,726,726,0,0,8,36184205A79,97A36184205
67,228038,316563,605,605,0,0,8,53618420A79,97A53618420
66,228037,208224,484,484,0,0,8,05361842A79,97A05361842
65,228036,208233,363,363,0,0,8,20536184A79,97A20536184
64,228035,208251,242,242,0,0,8,42053618A79,97A42053618
63,228165,208893,121,121,0,0,8,81420536A79,97A81420536
62,228164,210021,968,968,0,0,8,68142053A79,97A68142053
61,228163,228171,847,847,0,0,8,36814205A79,97A36814205
60,228170,316695,726,726,0,0,8,53681420A79,97A53681420
59,228169,208958,605,605,0,0,8,05368142A79,97A05368142
58,228168,208967,484,484,0,0,8,20536814A79,97A20536814
57,228167,208985,363,363,0,0,8,42053681A79,97A42053681
56,228166,209117,242,242,0,0,8,14205368A79,97A14205368
55,36455,14387,121,121,0,0,8,83650142A79,97A83650142
54,36454,18211,968,968,0,0,8,28365014A79,97A28365014
53,36453,36461,847,847,0,0,8,42836501A79,97A42836501
52,36460,288713,726,726,0,0,8,14283650A79,97A14283650
51,36459,14454,605,605,0,0,8,01428365A79,97A01428365
50,36458,14463,484,484,0,0,8,50142836A79,97A50142836
49,36457,14481,363,363,0,0,8,65014283A79,97A65014283
48,36456,14619,242,242,0,0,8,36501428A79,97A36501428
47,37184,18941,121,121,0,0,8,82365014A79,97A82365014
46,37183,37191,968,968,0,0,8,48236501A79,97A48236501
45,37190,289443,847,847,0,0,8,14823650A79,97A14823650
44,37189,19176,726,726,0,0,8,01482365A79,97A01482365
43,37188,19185,605,605,0,0,8,50148236A79,97A50148236
42,37187,19203,484,484,0,0,8,65014823A79,97A65014823
41,37186,19341,363,363,0,0,8,36501482A79,97A36501482
40,37185,20071,242,242,0,0,8,23650148A79,97A23650148
39,40149,40157,121,121,0,0,8,84236501A79,97A84236501
38,40156,292409,968,968,0,0,8,18423650A79,97A18423650
37,40155,43100,847,847,0,0,8,01842365A79,97A01842365
36,40154,43109,726,726,0,0,8,50184236A79,97A50184236
35,40153,43127,605,605,0,0,8,65018423A79,97A65018423
34,40152,43265,484,484,0,0,8,36501842A79,97A36501842
33,40151,43995,363,363,0,0,8,23650184A79,97A23650184
32,40150,46961,242,242,0,0,8,42365018A79,97A42365018
31,340119,327635,121,121,0,0,8,81423650A79,97A81423650
30,340118,336260,968,968,0,0,8,08142365A79,97A08142365
29,340117,336269,847,847,0,0,8,50814236A79,97A50814236
28,340116,336287,726,726,0,0,8,65081423A79,97A65081423
27,340115,336425,605,605,0,0,8,36508142A79,97A36508142
26,340114,337155,484,484,0,0,8,23650814A79,97A23650814
25,340113,340121,363,363,0,0,8,42365081A79,97A42365081
24,340120,375347,242,242,0,0,8,14236508A79,97A14236508
23,36293,13562,121,121,0,0,8,80142365A79,97A80142365
22,36292,13580,968,968,0,0,8,58014236A79,97A58014236
21,36291,13634,847,847,0,0,8,65801423A79,97A65801423
20,36290,14222,726,726,0,0,8,36580142A79,97A36580142
19,36289,18046,605,605,0,0,8,23658014A79,97A23658014
18,36288,36296,484,484,0,0,8,42365801A79,97A42365801
17,36295,288548,363,363,0,0,8,14236580A79,97A14236580
16,36294,13571,242,242,0,0,8,01423658A79,97A01423658
15,36301,13589,121,121,0,0,8,85014236A79,97A85014236
14,36300,13643,968,968,0,0,8,68501423A79,97A68501423
13,36299,14231,847,847,0,0,8,36850142A79,97A36850142
12,36298,18055,726,726,0,0,8,23685014A79,97A23685014
11,36297,36305,605,605,0,0,8,42368501A79,97A42368501
10,36304,288557,484,484,0,0,8,14236850A79,97A14236850
9,36303,13598,363,363,0,0,8,01423685A79,97A01423685
8,36302,13607,242,242,0,0,8,50142368A79,97A50142368
7,36318,13661,121,121,0,0,8,86501423A79,97A86501423
6,36317,14249,968,968,0,0,8,38650142A79,97A38650142
5,36316,18073,847,847,0,0,8,23865014A79,97A23865014
4,36315,36323,726,726,0,0,8,42386501A79,97A42386501
3,36322,288575,605,605,0,0,8,14238650A79,97A14238650
2,36321,13688,484,484,0,0,8,01423865A79,97A01423865
1,36320,13697,363,363,0,0,8,50142386A79,97A50142386
0,36319,13715,242,242,0,0,8,65014238A79,97A65014238
